Data;AUD  mediu (RON/AUD) CURSL_AUDM;CAD  mediu (RON/CAD) CURSL_CADM;CHF  mediu (RON/CHF) CURSL_CHFM;CZK  mediu (RON/CZK) CURSL_CZKM;DKK  mediu (RON/DKK) CURSL_DKKM;EGP  mediu (RON/EGP) CURSL_EGPM;EUR  mediu (RON/EUR) CURSL_EURM;GBP  mediu (RON/GBP) CURSL_GBPM;HUF  mediu (RON/HUF) CURSL_HUFM;JPY  mediu (RON/JPY) CURSL_JPYM;MDL  mediu (RON/MDL) CURSL_MDLM;NOK  mediu (RON/NOK) CURSL_NOKM;PLN  mediu (RON/PLN) CURSL_PLNM;SEK  mediu (RON/SEK) CURSL_SEKM;TRY  mediu (RON/TRY) CURSL_TRYM;USD  mediu (RON/USD) CURSL_USDM;XAU  mediu (RON/XAU) CURSL_XAUM;XDR  mediu (RON/XDR) CURSL_XDRM;RUB  mediu (RON/RUB) CURSL_RUBM;SKK  mediu (RON/SKK) CURSL_SKKM;BGN  mediu (RON/BGN) CURSL_BGNM;ZAR  mediu (RON/ZAR) CURSL_ZARM;BRL  mediu (RON/BRL) CURSL_BRLM;CNY  mediu (RON/CNY) CURSL_CNYM;INR  mediu (RON/INR) CURSL_INRM;KRW  mediu (RON/KRW) CURSL_KRWM;MXN  mediu (RON/MXN) CURSL_MXNM;NZD  mediu (RON/NZD) CURSL_NZDM;RSD  mediu (RON/RSD) CURSL_RSDM;UAH  mediu (RON/UAH) CURSL_UAHM;AED  mediu (RON/AED) CURSL_AEDM;HRK  mediu (RON/HRK) CURSL_HRKM;AUD  sfârşitul perioadei (RON/AUD) CURSL_AUDF;CAD  sfârşitul perioadei (RON/CAD) CURSL_CADF;CHF  sfârşitul perioadei (RON/CHF) CURSL_CHFF;CZK  sfârşitul perioadei (RON/CZK) CURSL_CZKF;DKK  sfârşitul perioadei (RON/DKK) CURSL_DKKF;EGP  sfârşitul perioadei (RON/EGP) CURSL_EGPF;EUR  sfârşitul perioadei (RON/EUR) CURSL_EURF;GBP  sfârşitul perioadei (RON/GBP) CURSL_GBPF;HUF  sfârşitul perioadei (RON/HUF) CURSL_HUFF;JPY  sfârşitul perioadei (RON/JPY) CURSL_JPYF;MDL  sfârşitul perioadei (RON/MDL) CURSL_MDLF;NOK  sfârşitul perioadei (RON/NOK) CURSL_NOKF;PLN  sfârşitul perioadei (RON/PLN) CURSL_PLNF;SEK  sfârşitul perioadei (RON/SEK) CURSL_SEKF;TRY  sfârşitul perioadei (RON/TRY) CURSL_TRYF;USD  sfârşitul perioadei (RON/USD) CURSL_USDF;XAU  sfârşitul perioadei (RON/XAU) CURSL_XAUF;XDR  sfârşitul perioadei (RON/XDR) CURSL_XDRF;RUB  sfârşitul perioadei (RON/RUB) CURSL_RUBF;SKK  sfârşitul perioadei (RON/SKK) CURSL_SKKF;BGN  sfârşitul perioadei (RON/BGN) CURSL_BGNF;ZAR  sfârşitul perioadei (RON/ZAR) CURSL_ZARF;BRL  sfârşitul perioadei (RON/BRL) CURSL_BRLF;CNY  sfârşitul perioadei (RON/CNY) CURSL_CNYF;INR  sfârşitul perioadei (RON/INR) CURSL_INRF;KRW  sfârşitul perioadei (RON/KRW) CURSL_KRWF;MXN  sfârşitul perioadei (RON/MXN) CURSL_MXNF;NZD  sfârşitul perioadei (RON/NZD) CURSL_NZDF;RSD  sfârşitul perioadei (RON/RSD) CURSL_RSDF;UAH  sfârşitul perioadei (RON/UAH) CURSL_UAHF;AED  sfârşitul perioadei (RON/AED) CURSL_AEDF;HRK  sfârşitul perioadei (RON/HRK) CURSL_HRKF;THB  mediu (RON/THB) CURSL_THBM;THB  sfârşitul perioadei (RON/THB) CURSL_THBF
dec. 2022;3,1355;3,4196;4,9900;0,2028;0,6618;0,1882;4,9224;5,6595;0,012093;0,034465;0,2402;0,4707;1,0515;0,4481;0,2490;4,6477;268,3759;6,1810;0,0702;-;2,5168;0,2692;0,8850;0,6666;0,0563;0,003591;0,2370;2,9527;0,0420;0,1259;1,2654;0,6525;3,1491;3,4232;5,0289;0,2049;0,6653;0,1872;4,9474;5,5878;0,012354;0,035153;0,2428;0,4708;1,0557;0,4445;0,2473;4,6346;270,6553;6,1883;0,0637;-;2,5295;0,2734;0,8768;0,6685;0,0560;0,003683;0,2377;2,9352;0,0422;0,1255;1,2620;0,6565;0,1337;0,1341
nov. 2022;3,1790;3,5900;4,9917;0,2016;0,6605;0,1975;4,9131;5,6543;0,012074;0,033870;0,2511;0,4749;1,0458;0,4516;0,2592;4,8248;267,2213;6,2772;0,0791;-;2,5120;0,2753;0,9151;0,6718;0,0590;0,003550;0,2478;2,9181;0,0419;0,1308;1,3136;0,6515;3,1941;3,5228;4,9890;0,2021;0,6614;0,1929;4,9184;5,6933;0,012093;0,034339;0,2427;0,4759;1,0503;0,4516;0,2543;4,7383;267,3958;6,2270;0,0776;-;2,5147;0,2793;0,8831;0,6612;0,0580;0,003572;0,2485;2,9580;0,0419;0,1289;1,2901;0,6514;0,1324;0,1339
oct. 2022;3,1852;3,6545;5,0318;0,2008;0,6623;0,2494;4,9266;5,6569;0,011786;0,034057;0,2584;0,4735;1,0251;0,4499;0,2697;5,0140;268,3498;6,4220;0,0812;-;2,5189;0,2763;0,9525;0,6969;0,0609;0,003509;0,2506;2,8478;0,0420;0,1359;1,3651;0,6543;3,1613;3,6198;4,9460;0,2006;0,6601;0,2049;4,9141;5,7084;0,011973;0,033288;0,2556;0,4769;1,0421;0,4499;0,2659;4,9487;260,5682;6,3527;0,0800;-;2,5125;0,2698;0,9344;0,6781;0,0597;0,003465;0,2491;2,8676;0,0419;0,1340;1,3473;0,6525;0,1321;0,1298
sep. 2022;3,3093;3,7190;5,0913;0,1997;0,6600;0,2555;4,9080;5,6137;0,012152;0,034637;0,2549;0,4830;1,0348;0,4552;0,2703;4,9531;268,0251;6,3934;0,0825;-;2,5094;0,2820;0,9479;0,7053;0,0617;0,003549;0,2470;2,9392;0,0418;0,1343;1,3485;0,6525;3,2777;3,6857;5,1652;0,2013;0,6655;0,2583;4,9490;5,6367;0,011728;0,034963;0,2606;0,4692;1,0127;0,4532;0,2721;5,0469;270,7253;6,4745;0,0863;-;2,5304;0,2810;0,9350;0,7102;0,0620;0,003519;0,2512;2,8802;0,0422;0,1369;1,3740;0,6576;0,1337;0,1339
aug. 2022;3,3638;3,7447;5,0502;0,1992;0,6580;0,2525;4,8953;5,7955;0,012172;0,035759;0,2504;0,4978;1,0362;0,4659;0,2680;4,8344;274,0213;6,3557;0,0796;-;2,5029;0,2894;0,9394;0,7106;0,0608;0,003659;0,2400;3,0275;0,0417;0,1311;1,3162;0,6516;3,3385;3,7133;4,9747;0,1981;0,6535;0,2533;4,8605;5,6662;0,012016;0,035095;0,2514;0,4899;1,0282;0,4548;0,2678;4,8707;267,9984;6,3393;0,0800;-;2,4851;0,2857;0,9507;0,7061;0,0613;0,003625;0,2408;2,9794;0,0414;0,1320;1,3261;0,6467;0,1348;0,1335
iul. 2022;3,3255;3,7486;5,0019;0,2008;0,6638;0,2567;4,9398;5,8162;0,012223;0,035480;0,2517;0,4846;1,0350;0,4670;0,2776;4,8507;271,0755;6,3912;0,0816;-;2,5257;0,2879;0,9030;0,7206;0,0609;0,003708;0,2364;3,0060;0,0421;0,1534;1,3206;0,6570;3,3800;3,7723;5,0783;0,2006;0,6629;0,2559;4,9351;5,8793;0,012262;0,036286;0,2520;0,4979;1,0441;0,4750;0,2701;4,8412;273,8420;6,3969;0,0778;-;2,5233;0,2928;0,9338;0,7188;0,0610;0,003714;0,2384;3,0453;0,0421;0,1313;1,3180;0,6565;0,1334;0,1333
iun. 2022;3,2834;3,6483;4,8279;0,2000;0,6647;0,2496;4,9448;5,7615;0,012465;0,034883;0,2443;0,4797;1,0638;0,4663;0,2747;4,6756;276,1866;6,2569;0,0825;-;2,5282;0,2960;0,9264;0,6986;0,0599;0,003652;0,2340;2,9692;0,0421;0,1585;1,2730;0,6571;3,2654;3,6729;4,9466;0,1999;0,6648;0,2523;4,9454;5,7525;0,012451;0,034792;0,2459;0,4783;1,0552;0,4617;0,2842;4,7424;276,3032;6,3041;0,0870;-;2,5285;0,2916;0,9151;0,7083;0,0600;0,003652;0,2347;2,9519;0,0421;0,1613;1,2911;0,6567;0,1337;0,1342
mai. 2022;3,2997;3,6414;4,7769;0,1998;0,6648;0,2536;4,9462;5,8222;0,012865;0,036313;0,2472;0,4874;1,0639;0,4714;0,2995;4,6776;278,5573;6,2806;0,0727;-;2,5289;0,2943;0,9431;0,6984;0,0605;0,003691;0,2336;2,9960;0,0421;0,1579;1,2735;0,6564;3,3078;3,6318;4,8016;0,2000;0,6644;0,2478;4,9430;5,8057;0,012536;0,035996;0,2406;0,4887;1,0791;0,4702;0,2802;4,6037;273,8401;6,2243;0,0729;-;2,5273;0,2957;0,9684;0,6915;0,0593;0,003718;0,2351;3,0011;0,0421;0,1558;1,2534;0,6554;0,1359;0,1345
apr. 2022;3,3768;3,6200;4,8438;0,2023;0,6646;0,2477;4,9437;5,9179;0,013169;0,036193;0,2473;0,5140;1,0635;0,4790;0,3102;4,5638;284,8417;6,2331;0,0573;-;2,5277;0,3058;0,9638;0,7111;0,0599;0,003698;0,2281;3,0960;0,0420;0,1545;1,2425;0,6541;3,3490;3,6702;4,8290;0,2016;0,6649;0,2530;4,9480;5,8793;0,013122;0,035869;0,2543;0,5034;1,0602;0,4790;0,3154;4,6774;287,9962;6,2922;0,0657;-;2,5298;0,2941;0,9470;0,7096;0,0612;0,003716;0,2308;3,0529;0,0420;0,1547;1,2734;0,6538;0,1352;0,1365
mar. 2022;3,3109;3,5478;4,8303;0,1981;0,6650;0,2699;4,9481;5,9151;0,013137;0,037871;0,2443;0,5083;1,0403;0,4691;0,3071;4,4909;281,2215;6,2086;0,0423;-;2,5299;0,2997;0,9008;0,7078;0,0589;0,003677;0,2184;3,0834;0,0421;0,1494;1,2227;0,6536;3,3307;3,5514;4,8196;0,2023;0,6650;0,2433;4,9466;5,8374;0,013370;0,036479;0,2426;0,5101;1,0627;0,4783;0,3034;4,4508;275,4789;6,1553;0,0546;-;2,5291;0,3068;0,9329;0,7018;0,0588;0,003670;0,2240;3,0854;0,0420;0,1507;1,2117;0,6531;0,1350;0,1338
feb. 2022;3,1243;3,4281;4,7273;0,2024;0,6647;0,2773;4,9456;5,9038;0,013857;0,037862;0,2429;0,4916;1,0873;0,4693;0,3190;4,3610;260,5113;6,1101;0,0561;-;2,5286;0,2864;0,8390;0,6874;0,0582;0,003640;0,2133;2,9107;0,0421;0,1527;1,1873;0,6565;3,1892;3,4677;4,7957;0,1981;0,6650;0,2815;4,9480;5,9187;0,013399;0,038253;0,2433;0,4976;1,0562;0,4673;0,3200;4,4218;270,7414;6,1664;0,0450;-;2,5298;0,2860;0,8563;0,7011;0,0587;0,003676;0,2154;2,9744;0,0421;0,1467;1,2038;0,6540;0,1336;0,1353
ian. 2022;3,1382;3,4626;4,7520;0,2021;0,6646;0,2779;4,9448;5,9242;0,013786;0,037988;0,2434;0,4945;1,0859;0,4781;0,3221;4,3681;254,9726;6,1170;0,0572;-;2,5282;0,2820;0,7883;0,6871;0,0587;0,003652;0,2132;2,9482;0,0421;0,1559;1,1892;0,6572;3,1216;3,4757;4,7472;0,2025;0,6647;0,2813;4,9468;5,9528;0,013818;0,038341;0,2478;0,4944;1,0759;0,4720;0,3287;4,4284;255,1269;6,1688;0,0570;-;2,5292;0,2852;0,8250;0,6962;0,0593;0,003661;0,2134;2,9109;0,0421;0,1558;1,2057;0,6571;0,1315;0,1329
dec. 2021;3,1355;3,4218;4,7559;0,1961;0,6655;0,2786;4,9489;5,8287;0,013463;0,038419;0,2469;0,4884;1,0725;0,4818;0,3257;4,3789;252,2910;6,1224;0,0593;-;2,5303;0,2759;0,7740;0,6877;0,0581;0,003697;0,2096;2,9716;0,0421;0,1609;1,1922;0,6581;3,1736;3,4344;4,7884;0,1990;0,6653;0,2782;4,9481;5,8994;0,013391;0,037967;0,2463;0,4957;1,0768;0,4828;0,3277;4,3707;255,6927;6,1190;0,0583;-;2,5299;0,2745;0,7845;0,6887;0,0588;0,003679;0,2134;2,9885;0,0421;0,1599;1,1899;0,6582;0,1306;0,1317
nov. 2021;3,1711;3,4526;4,7007;0,1949;0,6654;0,2758;4,9488;5,8356;0,013586;0,038009;0,2460;0,4973;1,0651;0,4931;0,4128;4,3345;253,8596;6,0826;0,0596;-;2,5303;0,2799;0,7803;0,6783;0,0582;0,003662;0,2082;3,0457;0,0421;0,1638;1,1801;0,6582;3,1350;3,4429;4,7366;0,1925;0,6655;0,2792;4,9490;5,8544;0,013432;0,038663;0,2474;0,4827;1,0536;0,4799;0,3462;4,3853;253,3079;6,1308;0,0585;-;2,5304;0,2719;0,7817;0,6872;0,0584;0,003683;0,1995;2,9949;0,0421;0,1614;1,1939;0,6575;0,1311;0,1303
oct. 2021;3,1558;3,4280;4,6194;0,1940;0,6651;0,2714;4,9481;5,8399;0,013707;0,037720;0,2446;0,5036;1,0778;0,4919;0,4633;4,2662;243,4653;6,0253;0,0598;-;2,5299;0,2871;0,7716;0,6643;0,0569;0,003608;0,2084;3,0066;0,0421;0,1616;1,1615;0,6586;3,2009;3,4414;4,6615;0,1928;0,6653;0,2703;4,9489;5,8529;0,013708;0,037346;0,2434;0,5076;1,0719;0,4973;0,4417;4,2471;245,4817;6,0108;0,0602;-;2,5303;0,2773;0,7522;0,6640;0,0567;0,003628;0,2075;3,0482;0,0421;0,1617;1,1562;0,6581;0,1274;0,1281
sep. 2021;3,0756;3,3179;4,5555;0,1948;0,6652;0,2675;4,9465;5,7732;0,014045;0,038144;0,2379;0,4854;1,0830;0,4862;0,4913;4,2019;240,5856;5,9727;0,0576;-;2,5291;0,2886;0,7983;0,6508;0,0571;0,003583;0,2098;2,9663;0,0421;0,1574;1,1439;0,6603;3,0717;3,3516;4,5627;0,1938;0,6653;0,2715;4,9471;5,7431;0,013722;0,038121;0,2402;0,4843;1,0665;0,4852;0,4785;4,2653;237,2903;6,0166;0,0587;-;2,5294;0,2814;0,7876;0,6601;0,0575;0,003599;0,2083;2,9301;0,0421;0,1604;1,1612;0,6608;0,1271;0,1261
aug. 2021;3,0536;3,3203;4,5751;0,1932;0,6620;0,2663;4,9229;5,7714;0,013992;0,038074;0,2359;0,4724;1,0772;0,4818;0,4930;4,1823;240,1200;5,9462;0,0568;-;2,5170;0,2829;0,7961;0,6458;0,0564;0,003602;0,2085;2,9165;0,0419;0,1563;1,1386;0,6567;3,0589;3,3172;4,5680;0,1930;0,6636;0,2659;4,9348;5,7458;0,014106;0,037979;0,2374;0,4820;1,0860;0,4850;0,5015;4,1741;243,4821;5,9428;0,0570;-;2,5231;0,2866;0,8051;0,6459;0,0572;0,003610;0,2077;2,9454;0,0420;0,1551;1,1364;0,6587;0,1264;0,1296
iul. 2021;3,0930;3,3260;4,5371;0,1921;0,6622;0,2654;4,9250;5,7500;0,013787;0,037772;0,2312;0,4745;1,0794;0,4829;0,4841;4,1652;241,8886;5,9292;0,0563;-;2,5181;0,2868;0,8085;0,6435;0,0559;0,003637;0,2085;2,9087;0,0419;0,1532;1,1340;0,6565;3,0534;3,3243;4,5704;0,1929;0,6615;0,2633;4,9198;5,7754;0,013765;0,037739;0,2312;0,4709;1,0771;0,4826;0,4918;4,1348;243,1200;5,9080;0,0566;-;2,5154;0,2836;0,8136;0,6402;0,0556;0,003601;0,2081;2,8978;0,0418;0,1542;1,1257;0,6557;0,1276;0,1258
iun. 2021;3,1245;3,3453;4,5015;0,1935;0,6621;0,2606;4,9236;5,7333;0,014089;0,037104;0,2295;0,4857;1,0942;0,4870;0,4749;4,0864;241,0996;5,8659;0,0564;-;2,5174;0,2940;0,8133;0,6362;0,0555;0,003640;0,2044;2,9057;0,0419;0,1502;1,1125;0,6567;3,1081;3,3389;4,4913;0,1931;0,6625;0,2642;4,9267;5,7374;0,014008;0,037492;0,2302;0,4833;1,0913;0,4864;0,4762;4,1425;234,1742;5,9101;0,0567;-;2,5190;0,2894;0,8357;0,6415;0,0557;0,003671;0,2088;2,8924;0,0419;0,1522;1,1278;0,6575;0,1300;0,1293
mai. 2021;3,1449;3,3428;4,4906;0,1926;0,6623;0,2585;4,9247;5,7105;0,013935;0,037137;0,2287;0,4878;1,0877;0,4854;0,4833;4,0526;241,1715;5,8393;0,0548;-;2,5180;0,2886;0,7647;0,6305;0,0554;0,003606;0,2030;2,9270;0,0419;0,1469;1,1033;0,6548;3,1222;3,3456;4,4854;0,1928;0,6616;0,2576;4,9198;5,7227;0,014135;0,036799;0,2294;0,4817;1,0968;0,4855;0,4749;4,0361;247,3362;5,8280;0,0550;-;2,5154;0,2932;0,7724;0,6336;0,0556;0,003637;0,2024;2,9298;0,0418;0,1469;1,0989;0,6553;0,1295;0,1292
apr. 2021;3,1684;3,2900;4,4591;0,1897;0,6618;0,2624;4,9221;5,7003;0,013643;0,037748;0,2297;0,4899;1,0778;0,4838;0,5052;4,1188;232,4637;5,8842;0,0541;-;2,5166;0,2855;0,7375;0,6314;0,0553;0,003683;0,2053;2,9316;0,0419;0,1475;1,1213;0,6503;3,1610;3,3003;4,4687;0,1905;0,6623;0,2594;4,9247;5,6700;0,013649;0,037269;0,2288;0,4954;1,0769;0,4866;0,4988;4,0621;231,9385;5,8405;0,0547;-;2,5179;0,2859;0,7603;0,6280;0,0549;0,003665;0,2040;2,9460;0,0419;0,1464;1,1059;0,6519;0,1314;0,1301
mar. 2021;3,1651;3,2656;4,4188;0,1866;0,6573;0,2612;4,8878;5,6926;0,013369;0,037777;0,2313;0,4819;1,0631;0,4807;0,5351;4,1064;227,2974;5,8628;0,0551;-;2,4991;0,2742;0,7277;0,6308;0,0564;0,003632;0,1975;2,9299;0,0416;0,1477;1,1179;0,6450;3,1974;3,3299;4,4513;0,1884;0,6622;0,2671;4,9251;5,7864;0,013542;0,037961;0,2331;0,4921;1,0562;0,4815;0,5032;4,1969;227,4991;5,9500;0,0555;-;2,5181;0,2836;0,7270;0,6404;0,0574;0,003717;0,2042;2,9369;0,0419;0,1507;1,1426;0,6505;0,1334;0,1343
feb. 2021;3,1239;3,1740;4,4902;0,1883;0,6554;0,2572;4,8741;5,5834;0,013608;0,038239;0,2309;0,4742;1,0837;0,4832;0,5691;4,0289;234,9966;5,8014;0,0542;-;2,4921;0,2728;0,7455;0,6239;0,0554;0,003625;0,1987;2,9182;0,0415;0,1446;1,0969;0,6437;3,1327;3,1817;4,4406;0,1863;0,6555;0,2561;4,8745;5,5894;0,013497;0,037804;0,2284;0,4704;1,0785;0,4818;0,5447;4,0209;228,2335;5,7907;0,0539;-;2,4923;0,2691;0,7270;0,6224;0,0546;0,003572;0,1922;2,9377;0,0415;0,1439;1,0947;0,6431;0,1343;0,1325
ian. 2021;3,0922;3,1461;4,5146;0,1864;0,6551;0,2550;4,8728;5,4607;0,013569;0,038582;0,2313;0,4704;1,0746;0,4828;0,5420;4,0029;240,7176;5,7743;0,0538;-;2,4914;0,2646;0,7486;0,6189;0,0548;0,003640;0,2011;2,8801;0,0414;0,1420;1,0898;0,6442;3,0769;3,1322;4,5231;0,1872;0,6555;0,2559;4,8743;5,5021;0,013593;0,038367;0,2328;0,4701;1,0751;0,4813;0,5496;4,0209;240,0865;5,7923;0,0528;-;2,4922;0,2662;0,7390;0,6246;0,0551;0,003602;0,1990;2,8839;0,0414;0,1430;1,0947;0,6441;0,1334;0,1344
dec. 2020;3,0138;3,1222;4,5046;0,1851;0,6546;0,2547;4,8707;5,3737;0,013568;0,038549;0,2321;0,4593;1,0883;0,4786;0,5196;4,0005;239,0736;5,7569;0,0540;-;2,4903;0,2688;0,7778;0,6117;0,0543;0,003656;0,2003;2,8380;0,0414;0,1422;1,0891;0,6459;3,0663;3,1127;4,4997;0,1854;0,6545;0,2523;4,8694;5,4201;0,013356;0,038484;0,2305;0,4657;1,0676;0,4864;0,5307;3,9660;241,4052;5,7340;0,0531;-;2,4897;0,2702;0,7636;0,6063;0,0543;0,003647;0,1997;2,8702;0,0414;0,1403;1,0797;0,6451;0,1330;0,1325
nov. 2020;2,9929;3,1474;4,5180;0,1838;0,6540;0,2630;4,8699;5,4361;0,013524;0,039442;0,2403;0,4523;1,0827;0,4757;0,5154;4,1176;248,1782;5,8529;0,0535;-;2,4899;0,2646;0,7547;0,6236;0,0554;0,003692;0,2016;2,8233;0,0414;0,1456;1,1210;0,6439;3,0148;3,1463;4,5081;0,1862;0,6549;0,2613;4,8735;5,4471;0,013462;0,039287;0,2376;0,4616;1,0862;0,4795;0,5217;4,0875;237,6576;5,8339;0,0538;-;2,4918;0,2696;0,7659;0,6216;0,0553;0,003700;0,2044;2,8697;0,0414;0,1435;1,1128;0,6449;0,1351;0,1348
oct. 2020;2,9516;3,1350;4,5380;0,1790;0,6548;0,2637;4,8733;5,3757;0,013442;0,039369;0,2437;0,4461;1,0727;0,4685;0,5211;4,1412;253,4072;5,8537;0,0533;-;2,4917;0,2516;0,7366;0,6156;0,0563;0,003619;0,1942;2,7492;0,0414;0,1461;1,1274;0,6435;2,9377;3,1343;4,5595;0,1785;0,6545;0,2660;4,8743;5,4111;0,013269;0,040006;0,2444;0,4377;1,0547;0,4694;0,5008;4,1768;251,6793;5,8944;0,0527;-;2,4922;0,2560;0,7227;0,6244;0,0560;0,003683;0,1954;2,7694;0,0414;0,1468;1,1371;0,6438;0,1325;0,1340
sep. 2020;2,9805;3,1179;4,5042;0,1818;0,6529;0,2612;4,8586;5,3445;0,013477;0,039027;0,2469;0,4512;1,0864;0,4661;0,5453;4,1199;254,8017;5,8180;0,0542;-;2,4841;0,2462;0,7639;0,6049;0,0560;0,003500;0,1904;2,7491;0,0413;0,1471;1,1216;0,6443;2,9625;3,1050;4,5043;0,1791;0,6540;0,2638;4,8698;5,3406;0,013330;0,039382;0,2456;0,4397;1,0744;0,4621;0,5351;4,1617;252,1123;5,8568;0,0531;-;2,4899;0,2458;0,7389;0,6110;0,0564;0,003555;0,1860;2,7371;0,0414;0,1470;1,1330;0,6444;0,1313;0,1314
aug. 2020;2,9423;3,0891;4,4922;0,1849;0,6496;0,2566;4,8372;5,3692;0,013865;0,038569;0,2458;0,4569;1,0992;0,4692;0,5615;4,0881;259,0295;5,7728;0,0554;-;2,4732;0,2371;0,7509;0,5901;0,0548;0,003446;0,1841;2,6971;0,0411;0,1486;1,1130;0,6444;2,9876;3,1091;4,4918;0,1846;0,6503;0,2568;4,8404;5,4077;0,013660;0,038364;0,2462;0,4629;1,1007;0,4699;0,5527;4,0631;256,7054;5,7635;0,0551;-;2,4748;0,2436;0,7540;0,5933;0,0552;0,003426;0,1861;2,7342;0,0412;0,1474;1,1062;0,6428;0,1310;0,1306
iul. 2020;2,9674;3,1264;4,5188;0,1824;0,6497;0,2640;4,8380;5,3457;0,013780;0,039563;0,2479;0,4539;1,0872;0,4672;0,6147;4,2239;249,9761;5,8746;0,0591;-;2,4736;0,2517;0,7980;0,6025;0,0564;0,003523;0,1882;2,7796;0,0411;0,1544;1,1499;0,6425;2,9315;3,0379;4,4876;0,1846;0,6491;0,2554;4,8316;5,3503;0,014014;0,038952;0,2454;0,4493;1,0973;0,4696;0,5840;4,0780;259,1273;5,7623;0,0551;-;2,4703;0,2408;0,7910;0,5848;0,0545;0,003426;0,1841;2,7244;0,0411;0,1472;1,1102;0,6453;0,1344;0,1307
iun. 2020;2,9633;3,1701;4,5195;0,1814;0,6492;0,2657;4,8393;5,3803;0,013915;0,039966;0,2482;0,4508;1,0883;0,4613;0,6302;4,2965;239,8856;5,9293;0,0620;-;2,4743;0,2509;0,8287;0,6066;0,0567;0,003559;0,1925;2,7693;0,0412;0,1610;1,1697;0,6395;2,9562;3,1563;4,5393;0,1805;0,6497;0,2674;4,8423;5,3020;0,013571;0,040112;0,2490;0,4431;1,0839;0,4605;0,6325;4,3233;246,0742;5,9454;0,0609;-;2,4758;0,2491;0,8001;0,6109;0,0572;0,003591;0,1864;2,7624;0,0412;0,1621;1,1770;0,6398;0,1380;0,1399
mai. 2020;2,8943;3,1784;4,5758;0,1774;0,6485;0,2810;4,8365;5,4573;0,013785;0,041412;0,2495;0,4395;1,0686;0,4561;0,6407;4,4398;245,5437;6,0540;0,0611;-;2,4729;0,2449;0,7874;0,6247;0,0587;0,003611;0,1893;2,7030;0,0411;0,1657;1,2087;0,6385;2,8967;3,1635;4,5273;0,1795;0,6496;0,2747;4,8426;5,3509;0,013886;0,040583;0,2496;0,4473;1,0879;0,4610;0,6376;4,3517;241,3579;5,9705;0,0617;-;2,4760;0,2488;0,8052;0,6094;0,0576;0,003517;0,1969;2,7051;0,0412;0,1618;1,1847;0,6381;0,1385;0,1368
apr. 2020;2,7982;3,1640;4,5821;0,1775;0,6478;0,2822;4,8342;5,5173;0,013567;0,041259;0,2446;0,4267;1,0635;0,4441;0,6499;4,4469;240,3431;6,0646;0,0592;-;2,4717;0,2403;0,8380;0,6287;0,0584;0,003636;0,1837;2,6701;0,0411;0,1637;1,2107;0,6362;2,9135;3,2110;4,5838;0,1785;0,6492;0,2828;4,8421;5,5644;0,013707;0,041753;0,2494;0,4324;1,0668;0,4530;0,6377;4,4541;245,7869;6,0851;0,0611;-;2,4757;0,2464;0,8347;0,6318;0,0593;0,003691;0,1879;2,7271;0,0412;0,1654;1,2126;0,6390;0,1362;0,1377
mar. 2020;2,7193;3,1350;4,5579;0,1820;0,6460;0,2775;4,8263;5,4024;0,013986;0,040600;0,2462;0,4292;1,0884;0,4444;0,6888;4,3633;223,4140;5,9879;0,0589;-;2,4676;0,2625;0,8987;0,6215;0,0586;0,003577;0,1965;2,6427;0,0410;0,1646;1,1879;0,6377;2,6973;3,0901;4,5607;0,1766;0,6461;0,2793;4,8254;5,4230;0,013462;0,040553;0,2399;0,4191;1,0614;0,4358;0,6692;4,3983;227,3269;6,0073;0,0562;-;2,4672;0,2458;0,8468;0,6197;0,0583;0,003593;0,1838;2,6227;0,0411;0,1589;1,1975;0,6335;0,1359;0,1341
feb. 2020;2,9232;3,3007;4,4912;0,1909;0,6401;0,2799;4,7828;5,6835;0,014175;0,039847;0,2486;0,4717;1,1178;0,4524;0,7234;4,3843;225,4403;6,0036;0,0684;-;2,4454;0,2918;1,0100;0,6265;0,0613;0,003667;0,2327;2,8022;0,0407;0,1785;1,1936;0,6417;2,8419;3,2425;4,5243;0,1890;0,6440;0,2789;4,8127;5,6207;0,014164;0,040113;0,2475;0,4625;1,1099;0,4509;0,7002;4,3601;228,5606;5,9960;0,0649;-;2,4607;0,2796;0,9719;0,6238;0,0605;0,003605;0,2206;2,7221;0,0409;0,1773;1,1871;0,6448;0,1399;0,1382
ian. 2020;2,9496;3,2901;4,4387;0,1895;0,6394;0,2712;4,7785;5,6219;0,014292;0,039388;0,2469;0,4806;1,1242;0,4525;0,7269;4,3059;216,3318;5,9413;0,0695;-;2,4432;0,2983;1,0386;0,6224;0,0604;0,003687;0,2289;2,8408;0,0407;0,1777;1,1723;0,6420;2,8997;3,2715;4,4691;0,1893;0,6394;0,2741;4,7779;5,6778;0,014192;0,039760;0,2476;0,4693;1,1107;0,4480;0,7238;4,3309;220,0322;5,9669;0,0683;-;2,4429;0,2913;1,0205;0,6244;0,0606;0,003624;0,2301;2,7989;0,0406;0,1739;1,1791;0,6420;0,1413;0,1390
dec. 2019;2,9570;3,2629;4,3713;0,1874;0,6394;0,2672;4,7773;5,6380;0,014442;0,039399;0,2480;0,4755;1,1180;0,4558;0,7356;4,2987;204,5620;5,9282;0,0683;-;2,4426;0,2978;1,0437;0,6126;0,0604;0,003657;0,2247;2,8323;0,0407;0,1819;1,1703;0,6420;2,9874;3,2702;4,4033;0,1881;0,6397;0,2660;4,7793;5,6088;0,014459;0,039244;0,2481;0,4848;1,1213;0,4574;0,7166;4,2608;208,5985;5,9022;0,0685;-;2,4436;0,3037;1,0600;0,6122;0,0597;0,003691;0,2251;2,8682;0,0407;0,1782;1,1600;0,6421;0,1423;0,1432
nov. 2019;2,9462;3,2585;4,3439;0,1868;0,6382;0,2674;4,7683;5,5596;0,014298;0,039617;0,2469;0,4714;1,1125;0,4476;0,7514;4,3139;204,1333;5,9315;0,0675;-;2,4380;0,2916;1,0397;0,6146;0,0603;0,003693;0,2236;2,7616;0,0406;0,1774;1,1745;0,6409;2,9428;3,2672;4,3443;0,1871;0,6395;0,2694;4,7781;5,5999;0,014308;0,039637;0,2489;0,4727;1,1049;0,4550;0,7547;4,3425;203,3507;5,9595;0,0677;-;2,4430;0,2964;1,0366;0,6185;0,0606;0,003681;0,2232;2,7935;0,0407;0,1813;1,1822;0,6423;0,1426;0,1437
oct. 2019;2,9217;3,2603;4,3286;0,1850;0,6365;0,2650;4,7538;5,4309;0,014337;0,039782;0,2453;0,4698;1,1049;0,4401;0,7426;4,3014;206,6585;5,9008;0,0669;-;2,4306;0,2884;1,0515;0,6061;0,0606;0,003633;0,2225;2,7235;0,0405;0,1734;1,1711;0,6393;2,9396;3,2368;4,3163;0,1865;0,6369;0,2639;4,7576;5,5189;0,014446;0,039348;0,2442;0,4635;1,1170;0,4418;0,7461;4,2614;206,2074;5,8801;0,0666;-;2,4325;0,2823;1,0686;0,6049;0,0600;0,003647;0,2227;2,7296;0,0405;0,1719;1,1602;0,6381;0,1417;0,1412
sep. 2019;2,9294;3,2477;4,3445;0,1831;0,6348;0,2625;4,7376;5,3116;0,014251;0,040049;0,2422;0,4772;1,0880;0,4427;0,7528;4,3026;208,9577;5,8866;0,0663;-;2,4222;0,2897;1,0441;0,6045;0,0602;0,003600;0,2196;2,7299;0,0403;0,1740;1,1714;0,6401;2,9363;3,2838;4,3759;0,1841;0,6364;0,2672;4,7511;5,3546;0,014196;0,040291;0,2450;0,4788;1,0860;0,4430;0,7698;4,3488;208,1085;5,9302;0,0671;-;2,4292;0,2869;1,0454;0,6093;0,0615;0,003628;0,2208;2,7244;0,0405;0,1804;1,1841;0,6412;0,1408;0,1422
aug. 2019;2,8779;3,2041;4,3388;0,1833;0,6338;0,2564;4,7286;5,1651;0,014468;0,039991;0,2395;0,4744;1,0886;0,4405;0,7520;4,2511;204,7109;5,8370;0,0647;-;2,4177;0,2809;1,0608;0,6018;0,0598;0,003512;0,2160;2,7334;0,0402;0,1683;1,1574;0,6399;2,8784;3,2205;4,3323;0,1827;0,6343;0,2588;4,7294;5,2212;0,014287;0,040255;0,2395;0,4710;1,0796;0,4366;0,7342;4,2827;210,1930;5,8610;0,0645;-;2,4181;0,2812;1,0272;0,5991;0,0599;0,003545;0,2131;2,7000;0,0402;0,1706;1,1660;0,6389;0,1382;0,1401
iul. 2019;2,9436;3,2176;4,2685;0,1851;0,6335;0,2538;4,7290;5,2576;0,014539;0,038946;0,2370;0,4894;1,1100;0,4478;0,7426;4,2144;191,7305;5,8225;0,0667;-;2,4179;0,2998;1,1141;0,6128;0,0613;0,003580;0,2211;2,8158;0,0402;0,1640;1,1474;0,6399;2,9276;3,2301;4,2861;0,1845;0,6339;0,2561;4,7336;5,1685;0,014484;0,039119;0,2394;0,4842;1,1026;0,4437;0,7676;4,2469;195,4568;5,8420;0,0670;-;2,4202;0,2991;1,1204;0,6170;0,0617;0,003595;0,2229;2,8064;0,0402;0,1690;1,1562;0,6413;0,1369;0,1381
iun. 2019;2,9071;3,1485;4,2315;0,1845;0,6328;0,2500;4,7252;5,3062;0,014645;0,038714;0,2305;0,4849;1,1080;0,4448;0,7208;4,1839;182,9250;5,7981;0,0652;-;2,4160;0,2870;1,0837;0,6064;0,0603;0,003567;0,2170;2,7623;0,0401;0,1580;1,1391;0,6378;2,9138;3,1755;4,2649;0,1862;0,6344;0,2491;4,7351;5,2735;0,014631;0,038629;0,2293;0,4880;1,1133;0,4489;0,7233;4,1587;188,9215;5,7826;0,0659;-;2,4210;0,2933;1,0888;0,6056;0,0602;0,003599;0,2164;2,7890;0,0402;0,1589;1,1322;0,6401;0,1345;0,1356
mai. 2019;2,9542;3,1611;4,2095;0,1847;0,6374;0,2502;4,7595;5,4623;0,014640;0,038703;0,2369;0,4868;1,1076;0,4433;0,7022;4,2551;175,5738;5,8804;0,0655;-;2,4335;0,2948;1,0642;0,6204;0,0610;0,003592;0,2225;2,7910;0,0404;0,1613;1,1585;0,6416;2,9450;3,1439;4,2412;0,1838;0,6359;0,2538;4,7487;5,3582;0,014627;0,039166;0,2345;0,4847;1,1076;0,4456;0,7253;4,2591;177,7471;5,8717;0,0650;-;2,4280;0,2878;1,0697;0,6170;0,0610;0,003576;0,2155;2,7756;0,0403;0,1585;1,1596;0,6399;0,1338;0,1347
apr. 2019;3,0126;3,1646;4,2040;0,1853;0,6374;0,2449;4,7583;5,5189;0,014826;0,037893;0,2398;0,4948;1,1101;0,4546;0,7364;4,2296;175,0100;5,8701;0,0655;-;2,4329;0,2994;1,0866;0,6299;0,0609;0,003707;0,2230;2,8452;0,0403;0,1579;1,1515;0,6404;2,9945;3,1573;4,1678;0,1855;0,6374;0,2470;4,7582;5,5129;0,014743;0,038108;0,2389;0,4922;1,1093;0,4476;0,7136;4,2440;175,3093;5,8810;0,0659;-;2,4329;0,2967;1,0756;0,6302;0,0608;0,003640;0,2233;2,8327;0,0403;0,1600;1,1554;0,6416;0,1329;0,1330
mar. 2019;2,9766;3,1463;4,2020;0,1851;0,6370;0,2419;4,7538;5,5387;0,015048;0,037815;0,2445;0,4891;1,1059;0,4528;0,7675;4,2042;175,9879;5,8507;0,0646;-;2,4306;0,2925;1,0974;0,6264;0,0605;0,003713;0,2186;2,8719;0,0403;0,1564;1,1446;0,6406;3,0046;3,1599;4,2614;0,1844;0,6381;0,2449;4,7628;5,5401;0,014840;0,038302;0,2451;0,4914;1,1066;0,4579;0,7512;4,2434;176,1510;5,8885;0,0657;-;2,4352;0,2930;1,0877;0,6319;0,0613;0,003734;0,2200;2,8807;0,0404;0,1561;1,1553;0,6407;0,1325;0,1337
feb. 2019;2,9863;3,1667;4,1765;0,1846;0,6362;0,2379;4,7478;5,4389;0,014931;0,037893;0,2443;0,4872;1,0998;0,4524;0,7923;4,1823;177,4763;5,8221;0,0635;-;2,4275;0,3030;1,1249;0,6207;0,0587;0,003725;0,2180;2,8587;0,0402;0,1541;1,1386;0,6403;2,9658;3,1561;4,1800;0,1850;0,6355;0,2374;4,7416;5,5302;0,014989;0,037542;0,2425;0,4872;1,1008;0,4525;0,7798;4,1584;177,1056;5,8108;0,0632;-;2,4244;0,2972;1,1153;0,6220;0,0585;0,003702;0,2166;2,8414;0,0401;0,1538;1,1321;0,6382;0,1336;0,1320
ian. 2019;2,9466;3,0987;4,1631;0,1835;0,6300;0,2305;4,7037;5,3076;0,014706;0,037829;0,2405;0,4819;1,0958;0,4580;0,7652;4,1179;171,1269;5,7417;0,0617;-;2,4050;0,2977;1,1018;0,6070;0,0582;0,003669;0,2147;2,7913;0,0397;0,1476;1,1211;0,6332;2,9991;3,1401;4,1557;0,1838;0,6342;0,2335;4,7348;5,4214;0,014981;0,037992;0,2422;0,4901;1,1067;0,4568;0,7938;4,1265;175,4580;5,7787;0,0632;-;2,4209;0,3094;1,1194;0,6150;0,0580;0,003707;0,2158;2,8481;0,0400;0,1487;1,1234;0,6379;0,1295;0,1320
dec. 2018;2,9367;3,0460;4,1192;0,1801;0,6233;0,2279;4,6530;5,1804;0,014417;0,036383;0,2374;0,4748;1,0846;0,4527;0,7671;4,0868;164,2462;5,6620;0,0607;-;2,3791;0,2874;1,0517;0,5934;0,0577;0,003640;0,2030;2,7904;0,0393;0,1473;1,1126;0,6286;2,8746;2,9925;4,1404;0,1814;0,6246;0,2272;4,6639;5,1931;0,014527;0,037008;0,2389;0,4689;1,0860;0,4556;0,7700;4,0736;168,0053;5,6658;0,0585;-;2,3847;0,2832;1,0496;0,5922;0,0583;0,003655;0,2073;2,7340;0,0394;0,1472;1,1090;0,6292;0,1249;0,1260
nov. 2018;2,9714;3,1105;4,0974;0,1797;0,6247;0,2288;4,6610;5,2930;0,014460;0,036207;0,2397;0,4842;1,0832;0,4528;0,7632;4,1028;161,0615;5,6797;0,0618;-;2,3831;0,2905;1,0864;0,5912;0,0571;0,003638;0,2027;2,7767;0,0394;0,1468;1,1170;0,6274;2,9982;3,0858;4,1169;0,1793;0,6239;0,2285;4,6560;5,2359;0,014386;0,036180;0,2394;0,4780;1,0844;0,4519;0,7938;4,1008;161,6072;5,6705;0,0615;-;2,3806;0,2993;1,0648;0,5904;0,0587;0,003659;0,2027;2,8134;0,0393;0,1443;1,1164;0,6278;0,1244;0,1244
oct. 2018;2,8860;3,1227;4,0878;0,1807;0,6254;0,2266;4,6651;5,2845;0,014403;0,035995;0,2387;0,4921;1,0838;0,4495;0,6966;4,0609;158,6069;5,6490;0,0617;-;2,3852;0,2801;1,0757;0,5867;0,0552;0,003586;0,2122;2,6525;0,0394;0,1445;1,1056;0,6283;2,9187;3,1334;4,0910;0,1802;0,6254;0,2295;4,6668;5,2424;0,014366;0,036356;0,2400;0,4882;1,0772;0,4484;0,7481;4,1141;161,0916;5,6847;0,0626;-;2,3861;0,2800;1,1130;0,5900;0,0556;0,003608;0,2047;2,6914;0,0394;0,1465;1,1201;0,6277;0,1238;0,1241
sep. 2018;2,8694;3,0554;4,1167;0,1814;0,6230;0,2224;4,6466;5,2007;0,014302;0,035593;0,2376;0,4828;1,0803;0,4450;0,6287;3,9848;153,6014;5,5799;0,0589;-;2,3758;0,2696;0,9699;0,5812;0,0552;0,003557;0,2093;2,6286;0,0393;0,1414;1,0848;0,6254;2,9011;3,0891;4,1248;0,1815;0,6255;0,2244;4,6637;5,2481;0,014390;0,035444;0,2360;0,4925;1,0914;0,4530;0,6708;4,0210;153,0557;5,6128;0,0611;-;2,3845;0,2830;1,0020;0,5842;0,0554;0,003622;0,2138;2,6565;0,0394;0,1422;1,0947;0,6273;0,1222;0,1243
aug. 2018;2,9458;3,0823;4,0669;0,1808;0,6228;0,2247;4,6437;5,1772;0,014377;0,036196;0,2422;0,4826;1,0836;0,4437;0,6858;4,0189;155,3734;5,6097;0,0606;-;2,3743;0,2859;1,0268;0,5869;0,0577;0,003584;0,2133;2,6816;0,0393;0,1459;1,0941;0,6253;2,8799;3,0580;4,1143;0,1804;0,6229;0,2232;4,6440;5,1764;0,014236;0,035907;0,2398;0,4776;1,0812;0,4369;0,6065;3,9789;154,4121;5,5781;0,0585;-;2,3745;0,2709;0,9587;0,5822;0,0561;0,003567;0,2082;2,6432;0,0393;0,1408;1,0832;0,6242;0,1217;0,1216
iul. 2018;2,9458;3,0286;4,0022;0,1798;0,6240;0,2225;4,6502;5,2424;0,014320;0,035711;0,2385;0,4896;1,0745;0,4512;0,8354;3,9810;158,4669;5,5959;0,0634;-;2,3776;0,2965;1,0398;0,5927;0,0579;0,003542;0,2089;2,7018;0,0394;0,1507;1,0838;0,6286;2,9294;3,0270;3,9942;0,1808;0,6213;0,2210;4,6283;5,1922;0,014422;0,035398;0,2390;0,4855;1,0817;0,4509;0,8055;3,9487;154,7323;5,5455;0,0633;-;2,3664;0,3002;1,0588;0,5778;0,0575;0,003524;0,2129;2,6916;0,0392;0,1468;1,0750;0,6254;0,1196;0,1187
iun. 2018;2,9913;3,0395;4,0319;0,1808;0,6257;0,2232;4,6611;5,3041;0,014442;0,036265;0,2367;0,4920;1,0830;0,4534;0,8585;3,9911;164,4042;5,6425;0,0635;-;2,3832;0,2994;1,0564;0,6170;0,0588;0,003645;0,1961;2,7706;0,0395;0,1521;1,0866;0,6314;2,9573;3,0265;4,0340;0,1795;0,6255;0,2238;4,6611;5,2626;0,014168;0,036180;0,2387;0,4909;1,0679;0,4469;0,8762;4,0033;161,0312;5,6327;0,0639;-;2,3832;0,2913;1,0364;0,6048;0,0585;0,003595;0,2032;2,7072;0,0395;0,1525;1,0899;0,6311;0,1228;0,1209
mai. 2018;2,9526;3,0517;3,9339;0,1810;0,6228;0,2203;4,6387;5,2858;0,014651;0,035768;0,2350;0,4846;1,0833;0,4481;0,8863;3,9239;164,5045;5,5859;0,0629;-;2,3717;0,3128;1,0824;0,6157;0,0581;0,003641;0,2008;2,7268;0,0393;0,1499;1,0683;0,6276;3,0116;3,0921;4,0343;0,1800;0,6244;0,2220;4,6485;5,2950;0,014576;0,036503;0,2358;0,4871;1,0783;0,4530;0,8840;3,9734;166,6980;5,6327;0,0640;-;2,3768;0,3169;1,0671;0,6202;0,0589;0,003685;0,2004;2,7786;0,0394;0,1521;1,0817;0,6292;0,1227;0,1242
apr. 2018;2,9140;2,9774;3,9163;0,1836;0,6252;0,2145;4,6565;5,3373;0,014939;0,035231;0,2304;0,4836;1,1100;0,4487;0,9326;3,7912;162,7293;5,4996;0,0621;-;2,3808;0,3134;1,1139;0,6019;0,0577;0,003546;0,2063;2,7460;0,0394;0,1451;1,0322;0,6274;2,9067;2,9937;3,8917;0,1826;0,6254;0,2181;4,6589;5,2837;0,014860;0,035217;0,2314;0,4817;1,1028;0,4436;0,9513;3,8479;162,9167;5,5345;0,0614;-;2,3820;0,3098;1,1130;0,6076;0,0579;0,003598;0,2061;2,7159;0,0395;0,1472;1,0476;0,6284;0,1211;0,1219
mar. 2018;2,9322;2,9237;3,9894;0,1833;0,6256;0,2144;4,6605;5,2794;0,014925;0,035633;0,2278;0,4861;1,1071;0,4584;0,9703;3,7784;161,0413;5,4894;0,0661;-;2,3829;0,3189;1,1533;0,5979;0,0581;0,003526;0,2030;2,7418;0,0394;0,1434;1,0287;0,6265;2,9073;2,9349;3,9632;0,1835;0,6248;0,2143;4,6576;5,3090;0,014910;0,035583;0,2295;0,4826;1,1066;0,4533;0,9539;3,7779;160,9380;5,4941;0,0658;-;2,3814;0,3194;1,1431;0,6020;0,0580;0,003557;0,2081;2,7353;0,0394;0,1436;1,0285;0,6264;0,1208;0,1213
feb. 2018;2,9681;2,9996;4,0321;0,1839;0,6253;0,2133;4,6555;5,2694;0,014937;0,034912;0,2258;0,4810;1,1178;0,4685;0,9953;3,7675;161,5379;5,4696;0,0663;-;2,3803;0,3188;1,1609;0,5959;0,0585;0,003495;0,2022;2,7559;0,0394;0,1390;1,0257;0,6257;2,9765;2,9873;4,0471;0,1834;0,6261;0,2165;4,6625;5,2947;0,014833;0,035619;0,2268;0,4842;1,1158;0,4622;1,0026;3,8133;161,8538;5,5165;0,0678;-;2,3839;0,3257;1,1727;0,6027;0,0585;0,003528;0,2030;2,7515;0,0395;0,1410;1,0382;0,6260;0,1197;0,1214
ian. 2018;3,0327;3,0676;3,9672;0,1827;0,6245;0,2153;4,6500;5,2636;0,015037;0,034383;0,2251;0,4822;1,1165;0,4736;1,0094;3,8121;163,3147;5,4841;0,0673;-;2,3775;0,3124;1,1883;0,5934;0,0599;0,003574;0,2016;2,7689;0,0392;0,1342;1,0379;0,6254;3,0316;3,0491;4,0166;0,1841;0,6259;0,2119;4,6582;5,2952;0,014999;0,034411;0,2241;0,4862;1,1224;0,4769;0,9960;3,7442;161,6102;5,4533;0,0666;-;2,3817;0,3160;1,1760;0,5959;0,0589;0,003512;0,2008;2,7707;0,0392;0,1345;1,0194;0,6267;0,1196;0,1195
dec. 2017;2,9958;3,0700;3,9669;0,1807;0,6228;0,2199;4,6359;5,2513;0,014800;0,034696;0,2281;0,4712;1,1030;0,4666;1,0195;3,9186;159,3377;5,5441;0,0668;-;2,3704;0,2984;1,1905;0,5942;0,0610;0,003613;0,2048;2,7306;0,0389;0,1423;1,0669;0,6148;3,0429;3,1051;3,9900;0,1823;0,6259;0,2189;4,6597;5,2530;0,015011;0,034574;0,2283;0,4747;1,1168;0,4738;1,0308;3,8915;162,3147;5,5402;0,0674;-;2,3825;0,3161;1,1748;0,5980;0,0610;0,003650;0,1975;2,7710;0,0394;0,1387;1,0594;0,6252;0,1201;0,1195
nov. 2017;3,0104;3,0938;3,9789;0,1813;0,6223;0,2234;4,6314;5,2145;0,014852;0,034979;0,2259;0,4827;1,0952;0,4706;1,0152;3,9473;162,8500;5,5612;0,0669;-;2,3680;0,2799;1,2103;0,5960;0,0608;0,003584;0,2083;2,7194;0,0390;0,1478;1,0747;0,6134;2,9705;3,0518;3,9808;0,1822;0,6238;0,2210;4,6422;5,2528;0,014912;0,035138;0,2268;0,4755;1,1057;0,4684;0,9902;3,9188;163,0953;5,5516;0,0672;-;2,3736;0,2861;1,2196;0,5937;0,0609;0,003643;0,2111;2,7090;0,0388;0,1449;1,0669;0,6152;0,1199;0,1205
oct. 2017;3,0391;3,1014;3,9756;0,1781;0,6165;0,2212;4,5885;5,1521;0,014801;0,034560;0,2237;0,4882;1,0758;0,4774;1,0615;3,9035;160,7227;5,5017;0,0676;-;2,3461;0,2849;1,2244;0,5890;0,0600;0,003447;0,2077;2,7492;0,0385;0,1462;1,0628;0,6111;3,0296;3,0774;3,9589;0,1792;0,6180;0,2241;4,5985;5,2250;0,014761;0,034879;0,2282;0,4835;1,0825;0,4721;1,0433;3,9533;161,8446;5,5518;0,0677;-;2,3512;0,2799;1,2027;0,5961;0,0611;0,003534;0,2053;2,7056;0,0386;0,1472;1,0763;0,6113;0,1175;0,1190
sep. 2017;3,0759;3,1391;4,0078;0,1763;0,6180;0,2184;4,5978;5,1303;0,014910;0,034852;0,2179;0,4925;1,0764;0,4822;1,1098;3,8576;163,3310;5,4783;0,0669;-;2,3509;0,2932;1,2313;0,5873;0,0599;0,003407;0,2162;2,7979;0,0385;0,1475;1,0502;0,6162;3,0536;3,1358;4,0130;0,1767;0,6180;0,2210;4,5991;5,2111;0,014786;0,034646;0,2217;0,4894;1,0669;0,4775;1,0964;3,8977;161,4014;5,5050;0,0675;-;2,3515;0,2886;1,2248;0,5857;0,0597;0,003410;0,2143;2,8138;0,0386;0,1466;1,0612;0,6136;0,1164;0,1169
aug. 2017;3,0689;3,0755;4,0171;0,1753;0,6156;0,2184;4,5784;5,0282;0,015045;0,035290;0,2165;0,4913;1,0731;0,4793;1,1040;3,8764;159,8674;5,4720;0,0651;-;2,3409;0,2926;1,2306;0,5811;0,0606;0,003426;0,2175;2,8313;0,0383;0,1510;1,0554;0,6182;3,0473;3,0579;4,0038;0,1758;0,6172;0,2191;4,5906;4,9773;0,014990;0,034939;0,2137;0,4933;1,0775;0,4841;1,1157;3,8654;162,2529;5,4667;0,0661;-;2,3472;0,2965;1,2231;0,5860;0,0604;0,003434;0,2174;2,7618;0,0386;0,1502;1,0524;0,6190;0,1166;0,1164
iul. 2017;3,0931;3,1201;4,1314;0,1751;0,6143;0,2217;4,5681;5,1555;0,014889;0,035288;0,2192;0,4857;1,0781;0,4763;1,1136;3,9704;157,6668;5,5387;0,0665;-;2,3357;0,3019;1,2374;0,5861;0,0616;0,003502;0,2225;2,9179;0,0379;0,1529;1,0810;0,6164;3,0993;3,1176;4,0065;0,1749;0,6132;0,2175;4,5598;5,0962;0,014959;0,035158;0,2152;0,4896;1,0717;0,4780;1,1043;3,8873;158,3862;5,4720;0,0648;-;2,3314;0,2971;1,2409;0,5778;0,0606;0,003468;0,2186;2,9104;0,0379;0,1507;1,0583;0,6151;0,1176;0,1168
iun. 2017;3,0828;3,0641;4,2036;0,1741;0,6147;0,2248;4,5714;5,2055;0,014828;0,036715;0,2234;0,4813;1,0852;0,4688;1,1564;4,0714;164,9773;5,6322;0,0701;-;2,3373;0,3154;1,2348;0,5980;0,0632;0,003594;0,2247;2,9475;0,0375;0,1562;1,1085;0,6169;3,0665;3,0723;4,1655;0,1737;0,6124;0,2203;4,5539;5,1852;0,014734;0,035664;0,2199;0,4757;1,0777;0,4714;1,1326;3,9915;159,6080;5,5552;0,0672;-;2,3284;0,3053;1,2080;0,5888;0,0617;0,003489;0,2211;2,9255;0,0378;0,1532;1,0867;0,6146;0,1198;0,1175
mai. 2017;3,0627;3,0302;4,1783;0,1712;0,6121;0,2277;4,5540;5,3270;0,014697;0,036723;0,2211;0,4844;1,0835;0,4691;1,1541;4,1213;165,1819;5,6655;0,0722;-;2,3284;0,3104;1,2868;0,5985;0,0640;0,003660;0,2194;2,8637;0,0370;0,1559;1,1221;0,6127;3,0441;3,0368;4,1977;0,1728;0,6143;0,2252;4,5702;5,2312;0,014855;0,036870;0,2248;0,4836;1,0956;0,4679;1,1546;4,0844;166,0979;5,6445;0,0720;-;2,3367;0,3116;1,2537;0,5991;0,0633;0,003651;0,2189;2,9027;0,0373;0,1553;1,1120;0,6163;-;-
apr. 2017;3,1831;3,1477;4,2233;0,1688;0,6091;0,2333;4,5299;5,3375;0,014537;0,038352;0,2188;0,4927;1,0682;0,4722;1,1567;4,2259;172,3542;5,7525;0,0748;-;2,3161;0,3138;1,3480;0,6132;0,0655;0,003726;0,2253;2,9451;0,0367;0,1570;1,1505;0,6081;3,0998;3,0381;4,1837;0,1682;0,6094;0,2297;4,5333;5,3604;0,014522;0,037195;0,2160;0,4860;1,0739;0,4703;1,1660;4,1453;168,8079;5,6828;0,0727;-;2,3178;0,3117;1,3026;0,6012;0,0645;0,003640;0,2177;2,8448;0,0368;0,1560;1,1286;0,6067;-;-
mar. 2017;3,2433;3,1794;4,2478;0,1683;0,6117;0,2407;4,5482;5,2504;0,014684;0,037672;0,2157;0,5005;1,0604;0,4774;1,1600;4,2563;168,4562;5,7656;0,0735;-;2,3255;0,3294;1,3619;0,6171;0,0647;0,003753;0,2203;2,9815;0,0367;0,1575;1,1588;0,6127;3,2586;3,1914;4,2563;0,1682;0,6119;0,2336;4,5511;5,3015;0,014762;0,038048;0,2176;0,4961;1,0782;0,4772;1,1721;4,2615;170,1555;5,7799;0,0758;-;2,3269;0,3187;1,3533;0,6183;0,0657;0,003808;0,2282;2,9766;0,0367;0,1574;1,1602;0,6117;-;-
feb. 2017;3,2500;3,2369;4,2335;0,1670;0,6069;0,2499;4,5120;5,2950;0,014626;0,037537;0,2120;0,5091;1,0470;0,4762;1,1570;4,2411;168,2271;5,7449;0,0726;-;2,3070;0,3213;1,3660;0,6170;0,0633;0,003711;0,2087;3,0626;0,0364;0,1565;1,1547;0,6058;3,2690;3,2332;4,2416;0,1671;0,6076;0,2684;4,5160;5,2992;0,014674;0,037938;0,2134;0,5094;1,0460;0,4723;1,1808;4,2610;171,5721;5,7665;0,0735;-;2,3090;0,3280;1,3705;0,6203;0,0638;0,003779;0,2134;3,0649;0,0364;0,1581;1,1601;0,6072;-;-
ian. 2017;3,1601;3,2116;4,2021;0,1666;0,6054;0,2275;4,5016;5,2240;0,014571;0,036842;0,2107;0,5002;1,0310;0,4735;1,1276;4,2401;162,4465;5,7238;0,0709;-;2,3017;0,3126;1,3246;0,6149;0,0623;0,003587;0,1982;3,0174;0,0364;0,1558;1,1544;0,5978;3,1776;3,2089;4,2267;0,1667;0,6055;0,2247;4,5038;5,2324;0,014468;0,036985;0,2108;0,5063;1,0399;0,4769;1,1087;4,2072;162,1403;5,7042;0,0700;-;2,3027;0,3106;1,3454;0,6114;0,0620;0,003613;0,2021;3,0631;0,0363;0,1546;1,1455;0,6021;-;-
dec. 2016;3,1448;3,2099;4,1998;0,1671;0,6075;0,2305;4,5173;5,3454;0,014467;0,036867;0,2126;0,5004;1,0181;0,4652;1,2236;4,2820;158,4510;5,7685;0,0692;-;2,3097;0,3090;1,2743;0,6184;0,0631;0,003614;0,2086;3,0140;0,0366;0,1629;1,1658;0,5992;3,1094;3,1921;4,2245;0,1680;0,6108;0,2326;4,5411;5,2961;0,014627;0,036834;0,2174;0,5001;1,0264;0,4740;1,2217;4,3033;160,4449;5,7868;0,0699;-;2,3218;0,3144;1,3222;0,6197;0,0634;0,003581;0,2076;2,9938;0,0368;0,1588;1,1716;0,6007;-;-
nov. 2016;3,1454;3,1014;4,1925;0,1668;0,6061;0,2729;4,5102;5,1826;0,014613;0,038645;0,2076;0,4965;1,0283;0,4578;1,2722;4,1710;166,5772;5,6995;0,0648;-;2,3060;0,2996;1,2494;0,6097;0,0617;0,003585;0,2080;2,9831;0,0366;0,1620;1,1356;0,5997;3,1808;3,1683;4,1990;0,1670;0,6070;0,2377;4,5162;5,3110;0,014515;0,037864;0,2100;0,4977;1,0205;0,4624;1,2458;4,2616;162,7588;5,7646;0,0655;-;2,3091;0,3057;1,2529;0,6178;0,0621;0,003636;0,2062;3,0232;0,0367;0,1665;1,1603;0,5990;-;-
oct. 2016;3,1055;3,0792;4,1294;0,1663;0,6040;0,4590;4,4942;5,0298;0,014642;0,039266;0,2047;0,4992;1,0432;0,4633;1,3249;4,0756;166,2981;5,6278;0,0651;-;2,2979;0,2923;1,2781;0,6056;0,0611;0,003617;0,2156;2,9174;0,0365;0,1581;1,1096;0,5987;3,1280;3,0718;4,1598;0,1667;0,6056;0,4632;4,5057;5,0069;0,014602;0,039190;0,2059;0,4980;1,0422;0,4566;1,3253;4,1131;168,5008;5,6530;0,0651;-;2,3037;0,3020;1,2831;0,6073;0,0616;0,003592;0,2172;2,9437;0,0366;0,1609;1,1198;0,6001;-;-
sep. 2016;3,0138;3,0333;4,0754;0,1647;0,5976;0,4475;4,4506;5,2208;0,014417;0,038976;0,2006;0,4838;1,0298;0,4653;1,3376;3,9700;169,3589;5,5539;0,0616;-;2,2755;0,2828;1,2218;0,5949;0,0595;0,003578;0,2071;2,9036;0,0361;0,1507;1,0808;0,5935;3,0334;3,0250;4,1041;0,1648;0,5975;0,4484;4,4523;5,1627;0,014386;0,039373;0,2009;0,4949;1,0325;0,4627;1,3255;3,9822;169,8734;5,5611;0,0629;-;2,2764;0,2857;1,2216;0,5971;0,0598;0,003615;0,2035;2,8906;0,0361;0,1536;1,0841;0,5927;-;-
aug. 2016;3,0349;3,0618;4,0998;0,1650;0,5993;0,4489;4,4594;5,2208;0,014366;0,039281;0,2010;0,4787;1,0364;0,4699;1,3425;3,9775;171,4264;5,5662;0,0612;-;2,2800;0,2892;1,2395;0,5982;0,0594;0,003579;0,2150;2,8786;0,0362;0,1585;1,0829;0,5957;3,0044;3,0507;4,0614;0,1648;0,5983;0,4550;4,4535;5,2459;0,014365;0,038733;0,1995;0,4799;1,0225;0,4680;1,3508;3,9945;168,7702;5,5710;0,0613;-;2,2770;0,2764;1,2340;0,5981;0,0596;0,003582;0,2127;2,8971;0,0362;0,1545;1,0875;0,5954;-;-
iul. 2016;3,0533;3,1097;4,1282;0,1659;0,6030;0,4569;4,4858;5,3310;0,014265;0,038956;0,2045;0,4787;1,0201;0,4736;1,3689;4,0529;174,3899;5,6355;0,0630;-;2,2936;0,2810;1,2366;0,6069;0,0603;0,003548;0,2182;2,8926;0,0364;0,1631;1,1034;0,5988;3,0187;3,0534;4,1184;0,1651;0,6003;0,4527;4,4654;5,2967;0,014285;0,038831;0,2037;0,4700;1,0225;0,4665;1,3341;4,0203;172,4392;5,6001;0,0601;-;2,2831;0,2835;1,2214;0,6044;0,0600;0,003579;0,2121;2,8548;0,0363;0,1623;1,0945;0,5967;-;-
iun. 2016;2,9780;3,1225;4,1484;0,1671;0,6080;0,4534;4,5218;5,7168;0,014403;0,038171;0,2031;0,4845;1,0277;0,4847;1,3798;4,0257;164,8469;5,6661;0,0617;-;2,3120;0,2668;1,1735;0,6105;0,0598;0,003446;0,2158;2,8309;0,0366;0,1612;1,0960;0,6013;3,0239;3,1391;4,1572;0,1669;0,6077;0,4575;4,5210;5,4634;0,014281;0,039519;0,2052;0,4854;1,0204;0,4795;1,4069;4,0624;171,9706;5,6782;0,0634;-;2,3116;0,2758;1,2509;0,6112;0,0602;0,003529;0,2197;2,8917;0,0367;0,1631;1,1060;0,6007;-;-
mai. 2016;2,9058;3,0734;4,0689;0,1664;0,6049;0,4487;4,4994;5,7830;0,014298;0,036507;0,2002;0,4832;1,0214;0,4841;1,3513;3,9802;160,8712;5,6138;0,0605;-;2,3005;0,2589;1,1269;0,6093;0,0595;0,003382;0,2190;2,7033;0,0366;0,1576;1,0836;0,6003;2,9310;3,0996;4,0858;0,1670;0,6066;0,4560;4,5115;5,9070;0,014363;0,036455;0,2024;0,4837;1,0290;0,4859;1,3697;4,0491;157,6803;5,6777;0,0614;-;2,3067;0,2560;1,1356;0,6150;0,0602;0,003403;0,2194;2,7228;0,0367;0,1613;1,1024;0,6034;-;-
apr. 2016;3,0243;3,0736;4,0925;0,1655;0,6009;0,4446;4,4727;5,6446;0,014358;0,036007;0,2002;0,4800;1,0381;0,4860;1,3907;3,9455;157,5814;5,5582;0,0593;-;2,2869;0,2700;1,1098;0,6090;0,0593;0,003441;0,2255;2,7187;0,0364;0,1540;1,0742;0,5969;3,0047;3,1450;4,0843;0,1655;0,6015;0,4431;4,4774;5,7369;0,014364;0,036741;0,1995;0,4855;1,0163;0,4883;1,4036;3,9348;161,3583;5,5723;0,0611;-;2,2893;0,2776;1,1287;0,6065;0,0592;0,003450;0,2293;2,7502;0,0366;0,1564;1,0713;0,5958;-;-
mar. 2016;3,0115;3,0358;4,0889;0,1651;0,5989;0,4765;4,4657;5,7155;0,014349;0,035597;0,2034;0,4734;1,0408;0,4809;1,3918;4,0201;160,8297;5,6075;0,0574;-;2,2833;0,2604;1,0845;0,6178;0,0600;0,003396;0,2277;2,7057;0,0363;0,1510;1,0945;0,5909;3,0211;3,0385;4,0872;0,1654;0,6004;0,4431;4,4738;5,6566;0,014235;0,035006;0,2012;0,4747;1,0486;0,4839;1,3928;3,9349;156,1066;5,5409;0,0584;-;2,2875;0,2655;1,0941;0,6089;0,0594;0,003451;0,2282;2,7254;0,0364;0,1494;1,0713;0,5946;-;-
feb. 2016;2,8825;2,9253;4,0676;0,1657;0,6006;0,5159;4,4818;5,7823;0,014454;0,035200;0,2010;0,4691;1,0193;0,4766;1,3728;4,0395;155,2519;5,6296;0,0524;-;2,2915;0,2563;1,0194;0,6168;0,0592;0,003321;0,2191;2,6797;0,0365;0,1554;1,0998;0,5869;2,9287;3,0188;4,0966;0,1652;0,5991;0,5232;4,4692;5,6745;0,014382;0,036294;0,2022;0,4705;1,0244;0,4796;1,3823;4,0970;162,5500;5,6634;0,0538;-;2,2851;0,2548;1,0261;0,6253;0,0599;0,003307;0,2244;2,7069;0,0362;0,1507;1,1154;0,5860;-;-
ian. 2016;2,9206;2,9316;4,1422;0,1676;0,6071;0,5326;4,5303;6,0062;0,014394;0,035301;0,2051;0,4722;1,0282;0,4882;1,3848;4,1702;146,9163;5,7625;0,0541;-;2,3164;0,2550;1,0286;0,6343;0,0619;0,003463;0,2311;2,7210;0,0369;0,1718;1,1354;0,5915;2,9397;2,9504;4,0820;0,1677;0,6075;0,5303;4,5337;5,9369;0,014516;0,034393;0,2016;0,4783;1,0209;0,4862;1,4007;4,1525;148,6420;5,7331;0,0547;-;2,3180;0,2582;1,0197;0,6314;0,0612;0,003446;0,2274;2,6937;0,0367;0,1622;1,1305;0,5917;-;-
dec. 2015;3,0003;3,0192;4,1608;0,1666;0,6037;0,5286;4,5040;6,2031;0,014327;0,034014;0,2090;0,4762;1,0496;0,4872;1,4168;4,1390;142,1763;5,7371;0,0589;-;2,3029;0,2764;1,0699;0,6411;0,0622;0,003522;0,2426;2,7933;0,0370;0,1763;1,1269;0,5895;3,0333;2,9858;4,1797;0,1675;0,6064;0,5297;4,5245;6,1466;0,014346;0,034453;0,2107;0,4714;1,0605;0,4929;1,4175;4,1477;141,6693;5,7504;0,0562;-;2,3134;0,2653;1,0472;0,6387;0,0627;0,003525;0,2384;2,8421;0,0372;0,1725;1,1292;0,5923;-;-
nov. 2015;2,9578;3,1185;4,1047;0,1643;0,5958;0,5236;4,4445;6,2918;0,014231;0,033753;0,2066;0,4798;1,0460;0,4771;1,4396;4,1356;144,9792;5,7163;0,0637;-;2,2724;0,2929;1,0950;0,6492;0,0625;0,003583;0,2487;2,7142;0,0368;0,1769;1,1259;0,5845;3,0248;3,1477;4,0725;0,1645;0,5959;0,5361;4,4460;6,3171;0,014250;0,034243;0,2080;0,4829;1,0412;0,4813;1,4367;4,1975;143,8434;5,7666;0,0633;-;2,2732;0,2929;1,1214;0,6564;0,0629;0,003632;0,2529;2,7453;0,0366;0,1754;1,1428;0,5832;-;-
oct. 2015;2,8378;3,0107;4,0638;0,1631;0,5928;0,4965;4,4220;6,0347;0,014213;0,032791;0,1974;0,4760;1,0408;0,4732;1,3450;3,9346;146,4073;5,5340;0,0623;-;2,2609;0,2917;1,0146;0,6196;0,0605;0,003438;0,2374;2,6340;0,0368;0,1798;1,0712;0,5802;2,8612;3,0645;4,0778;0,1635;0,5943;0,5013;4,4322;6,1812;0,014294;0,033453;0,2018;0,4699;1,0393;0,4727;1,3812;4,0252;148,6687;5,6223;0,0628;-;2,2661;0,2921;1,0460;0,6371;0,0616;0,003539;0,2432;2,7201;0,0368;0,1754;1,0959;0,5848;-;-
sep. 2015;2,7798;2,9708;4,0512;0,1633;0,5929;0,5030;4,4232;6,0469;0,014128;0,032788;0,2005;0,4751;1,0486;0,4708;1,3055;3,9382;142,3864;5,5381;0,0590;-;2,2616;0,2888;1,0151;0,6184;0,0595;0,003321;0,2340;2,4941;0,0368;0,1809;1,0722;0,5828;2,7673;2,9354;4,0442;0,1625;0,5920;0,5024;4,4167;5,9770;0,014097;0,032713;0,1961;0,4653;1,0418;0,4703;1,2986;3,9342;142,1140;5,5242;0,0601;-;2,2582;0,2844;0,9701;0,6189;0,0599;0,003329;0,2320;2,5106;0,0369;0,1860;1,0711;0,5758;-;-
aug. 2015;2,8973;3,0216;4,1038;0,1636;0,5927;0,5074;4,4230;6,1955;0,014200;0,032247;0,2093;0,4816;1,0546;0,4649;1,3926;3,9724;142,7016;5,5706;0,0604;-;2,2614;0,3077;1,1342;0,6268;0,0610;0,003369;0,2402;2,6016;0,0368;0,1824;1,0815;0,5869;2,8172;2,9816;4,1015;0,1640;0,5939;0,5046;4,4321;6,0855;0,014094;0,032587;0,2018;0,4751;1,0478;0,4662;1,3525;3,9511;142,2425;5,5523;0,0588;-;2,2661;0,2960;1,1020;0,6196;0,0595;0,003341;0,2368;2,5328;0,0369;0,1792;1,0757;0,5866;-;-
iul. 2015;2,9901;3,1417;4,2313;0,1638;0,5949;0,5164;4,4385;6,2753;0,014248;0,032682;0,2128;0,4967;1,0686;0,4731;1,4936;4,0315;146,7231;5,6302;0,0703;-;2,2694;0,3238;1,2553;0,6493;0,0633;0,003518;0,2530;2,6820;0,0369;0,1855;1,0976;-;2,9143;3,0772;4,1733;0,1629;0,5906;0,5131;4,4070;6,2528;0,014252;0,032322;0,2143;0,4901;1,0623;0,4675;1,4421;4,0166;139,6263;5,6002;0,0666;-;2,2533;0,3153;1,1907;0,6468;0,0626;0,003427;0,2469;2,6295;0,0367;0,1904;1,0935;-;-;-
iun. 2015;3,0727;3,2219;4,2738;0,1637;0,5989;0,5217;4,4682;6,1992;0,014313;0,032183;0,2184;0,5096;1,0738;0,4820;1,4710;3,9803;151,2722;5,5945;0,0728;-;2,2846;0,3233;1,2789;0,6413;0,0623;0,003575;0,2571;2,7784;0,0371;0,1872;1,0836;-;3,0695;3,2265;4,3021;0,1641;0,5996;0,5238;4,4735;6,2896;0,014201;0,032659;0,2151;0,5096;1,0671;0,4854;1,4877;3,9969;151,4504;5,6235;0,0719;-;2,2872;0,3270;1,2788;0,6446;0,0628;0,003578;0,2550;2,7031;0,0372;0,1903;1,0882;-;-;-
mai. 2015;3,1451;3,2734;4,2805;0,1623;0,5960;0,5222;4,4469;6,1622;0,014511;0,032986;0,2218;0,5286;1,0892;0,4782;1,5067;3,9843;153,3267;5,5938;0,0788;-;2,2736;0,3327;1,3049;0,6422;0,0625;0,003642;0,2609;2,9407;0,0369;0,1862;1,0847;-;3,0958;3,2506;4,2929;0,1620;0,5951;0,5296;4,4395;6,1797;0,014355;0,032654;0,2249;0,5217;1,0767;0,4769;1,5212;4,0409;154,7024;5,6260;0,0770;-;2,2699;0,3330;1,2788;0,6519;0,0633;0,003644;0,2634;2,8811;0,0368;0,1918;1,1001;-;-;-
apr. 2015;3,1615;3,3106;4,2535;0,1609;0,5916;0,5358;4,4166;6,1121;0,014742;0,034212;0,2273;0,5179;1,0975;0,4735;1,5392;4,0881;157,7190;5,6588;0,0774;-;2,2582;0,3407;1,3405;0,6593;0,0652;0,003766;0,2689;3,1021;0,0368;0,1821;1,1130;-;3,1365;3,2833;4,2025;0,1610;0,5923;0,5181;4,4198;6,1047;0,014592;0,033238;0,2223;0,5248;1,0988;0,4763;1,4844;3,9528;152,8980;5,5582;0,0765;-;2,2598;0,3342;1,3358;0,6373;0,0621;0,003675;0,2592;3,0076;0,0368;0,1874;1,0762;-;-;-
mar. 2015;3,1655;3,2470;4,1785;0,1619;0,5943;0,5365;4,4330;6,1330;0,014610;0,034006;0,2195;0,5129;1,0742;0,4799;1,5791;4,0933;155,2988;5,6690;0,0680;-;2,2666;0,3389;1,3069;0,6561;0,0655;0,003675;0,2687;3,0570;0,0368;0,1789;1,1144;-;3,1261;3,2260;4,2179;0,1602;0,5904;0,5390;4,4098;6,0733;0,014735;0,034244;0,2215;0,5060;1,0791;0,4748;1,5693;4,1115;155,7917;5,6675;0,0710;-;2,2547;0,3363;1,2732;0,6632;0,0657;0,003706;0,2682;3,0714;0,0367;0,1753;1,1194;-;-;-
feb. 2015;3,0399;3,1197;4,1706;0,1605;0,5950;0,5114;4,4320;5,9799;0,014433;0,032884;0,2079;0,5140;1,0607;0,4671;1,5847;3,9017;154,4121;5,5115;0,0608;-;2,2660;0,3370;1,3882;0,6240;0,0629;0,003542;0,2616;2,9064;0,0365;0,1633;1,0622;-;3,0915;3,1655;4,1664;0,1615;0,5947;0,5179;4,4381;6,0875;0,014629;0,033099;0,2082;0,5171;1,0684;0,4740;1,5709;3,9515;153,1889;5,5615;0,0645;-;2,2691;0,3415;1,3586;0,6303;0,0640;0,003592;0,2631;2,9873;0,0369;0,1173;1,0758;-;-;-
ian. 2015;3,1217;3,1959;4,1485;0,1608;0,6031;0,5311;4,4877;5,8559;0,014171;0,032735;0,2306;0,5019;1,0480;0,4766;1,6567;3,8690;155,8340;5,4979;0,0598;-;2,2945;0,3341;1,4708;0,6221;0,0623;0,003556;0,2633;2,9523;0,0366;0,2476;1,0534;-;3,0320;3,0935;4,2438;0,1596;0,5968;0,5159;4,4424;5,9039;0,014246;0,033303;0,2200;0,5020;1,0549;0,4738;1,6151;3,9157;159,2492;5,5220;0,0555;-;2,2713;0,3368;1,5039;0,6265;0,0632;0,003571;0,2638;2,8390;0,0360;0,2511;1,0661;-;-;-
dec. 2014;2,9857;3,1378;3,7083;0,1614;0,5993;0,5061;4,4591;5,6587;0,014342;0,030328;0,2345;0,4959;1,0579;0,4744;1,5769;3,6185;139,7694;5,2695;0,0637;-;2,2799;0,3149;1,3701;0,5845;0,0577;0,003283;0,2492;2,8085;0,0367;0,2333;0,9852;-;3,0232;3,1836;3,7273;0,1616;0,6020;0,5157;4,4821;5,7430;0,014211;0,030866;0,2359;0,4987;1,0475;0,4778;1,5834;3,6868;142,1646;5,3402;0,0628;-;2,2916;0,3187;1,3874;0,5941;0,0584;0,003389;0,2507;2,8903;0,0369;0,2361;1,0038;-;-;-
nov. 2014;3,0703;3,1326;3,6823;0,1600;0,5952;0,4966;4,4289;5,6019;0,014426;0,030553;0,2373;0,5213;1,0514;0,4795;1,5882;3,5507;134,3188;5,2084;0,0771;-;2,2644;0,3201;1,3945;0,5796;0,0575;0,003233;0,2608;2,7811;0,0369;0,2507;0,9667;-;3,0280;3,1193;3,6811;0,1599;0,5946;0,4970;4,4247;5,5751;0,014386;0,030059;0,2368;0,5087;1,0582;0,4782;1,6070;3,5533;135,2576;5,1995;0,0718;-;2,2623;0,3229;1,4042;0,5784;0,0573;0,003207;0,2575;2,7920;0,0367;0,2364;0,9674;-;-;-
oct. 2014;3,0572;3,1057;3,6555;0,1601;0,5931;0,4872;4,4152;5,5970;0,014346;0,032256;0,2374;0,5312;1,0498;0,4809;1,5442;3,4835;137,0312;5,1782;0,0851;-;2,2574;0,3146;1,4229;0,5687;0,0568;0,003281;0,2585;2,7423;0,0370;0,2696;0,9484;-;3,0957;3,1336;3,6583;0,1590;0,5928;0,4909;4,4139;5,6153;0,014373;0,031381;0,2376;0,5222;1,0508;0,4766;1,5974;3,5098;132,4656;5,1865;0,0831;-;2,2568;0,3230;1,4594;0,5742;0,0572;0,003285;0,2617;2,7571;0,0371;0,2721;0,9556;-;-;-
sep. 2014;3,0947;3,1050;3,6517;0,1598;0,5923;0,4778;4,4100;5,5722;0,014079;0,031860;0,2382;0,5390;1,0526;0,4798;1,5455;3,4160;136,3025;5,1240;0,0899;-;2,2546;0,3116;1,4690;0,5565;0,0561;0,003302;0,2583;2,7830;0,0372;0,2582;0,9300;-;3,0548;3,1351;3,6568;0,1604;0,5927;0,4898;4,4114;5,6735;0,014223;0,031939;0,2387;0,5435;1,0573;0,4822;1,5373;3,5019;136,1476;5,1936;0,0887;-;2,2555;0,3112;1,4313;0,5705;0,0567;0,003320;0,2598;2,7161;0,0371;0,2712;0,9534;-;-;-
aug. 2014;3,0920;3,0404;3,6514;0,1591;0,5935;0,4647;4,4249;5,5506;0,014091;0,032270;0,2402;0,5361;1,0553;0,4817;1,5372;3,3225;138,3418;5,0711;0,0918;-;2,2624;0,3112;1,4652;0,5399;0,0546;0,003242;0,2525;2,8018;0,0377;0,2595;0,9046;-;3,1291;3,0857;3,6583;0,1588;0,5921;0,4684;4,4126;5,5567;0,013985;0,032232;0,2398;0,5415;1,0451;0,4812;1,5524;3,3490;138,4389;5,0836;0,0907;-;2,2561;0,3157;1,4951;0,5451;0,0553;0,003302;0,2557;2,8069;0,0374;0,2472;0,9118;-;-;-
iul. 2014;3,0570;3,0350;3,6294;0,1606;0,5914;0,4554;4,4097;5,5598;0,014233;0,032015;0,2322;0,5254;1,0639;0,4776;1,5366;3,2558;137,4287;5,0186;0,0938;-;2,2547;0,3054;1,4655;0,5252;0,0542;0,003190;0,2508;2,8294;0,0379;0,2768;0,8864;-;3,0688;3,0244;3,6313;0,1605;0,5926;0,4618;4,4188;5,5723;0,014164;0,032108;0,2364;0,5257;1,0623;0,4790;1,5455;3,3016;137,3685;5,0552;0,0928;-;2,2593;0,3086;1,4694;0,5348;0,0546;0,003212;0,2504;2,8035;0,0378;0,2769;0,8989;-;-;-
iun. 2014;3,0291;2,9863;3,6084;0,1601;0,5893;0,4523;4,3951;5,4690;0,014363;0,031699;0,2323;0,5349;1,0625;0,4836;1,5248;3,2339;132,9692;4,9841;0,0940;-;2,2472;0,3027;1,4475;0,5190;0,0541;0,003173;0,2489;2,7899;0,0380;0,2729;0,8804;-;3,0206;3,0075;3,6097;0,1598;0,5884;0,4495;4,3870;5,4701;0,014160;0,031700;0,2299;0,5215;1,0543;0,4777;1,5124;3,2138;135,6324;4,9676;0,0945;-;2,2431;0,3028;1,4650;0,5180;0,0535;0,003176;0,2474;2,8079;0,0379;0,2701;0,8750;-;-;-
mai. 2014;2,9977;2,9579;3,6250;0,1612;0,5928;0,4543;4,4245;5,4259;0,014531;0,031655;0,2351;0,5426;1,0586;0,4901;1,5397;3,2205;133,5073;4,9823;0,0924;-;2,2623;0,3093;1,4506;0,5163;0,0543;0,003143;0,2490;2,7714;0,0383;0,2722;0,8768;-;3,0078;2,9833;3,6038;0,1601;0,5893;0,4518;4,3986;5,4070;0,014539;0,031785;0,2336;0,5405;1,0624;0,4845;1,5436;3,2307;130,2523;4,9777;0,0929;-;2,2490;0,3094;1,4511;0,5171;0,0547;0,003167;0,2515;2,7418;0,0381;0,2727;0,8796;-;-;-
apr. 2014;3,0097;2,9381;3,6603;0,1625;0,5977;0,4625;4,4620;5,4076;0,014517;0,031505;0,2405;0,5407;1,0661;0,4938;1,5177;3,2299;134,8972;5,0005;0,0905;-;2,2814;0,3062;1,4464;0,5189;0,0535;0,003097;0,2472;2,7804;0,0386;0,2766;0,8793;-;2,9857;2,9374;3,6488;0,1621;0,5962;0,4599;4,4503;5,4130;0,014472;0,031392;0,2381;0,5392;1,0596;0,4906;1,5219;3,2194;133,7335;4,9879;0,0901;-;2,2754;0,3050;1,4398;0,5143;0,0534;0,003116;0,2457;2,7547;0,0385;0,2775;0,8765;-;-;-
mar. 2014;2,9518;2,9264;3,6896;0,1640;0,6020;0,4670;4,4931;5,4028;0,014425;0,031771;0,2406;0,5417;1,0698;0,5068;1,4663;3,2508;139,7075;5,0302;0,0899;-;2,2973;0,3024;1,3956;0,5266;0,0533;0,003036;0,2462;2,7737;0,0388;0,3343;0,8850;-;2,9824;2,9217;3,6525;0,1624;0,5968;0,4637;4,4553;5,3753;0,014509;0,031292;0,2412;0,5391;1,0685;0,4979;1,5030;3,2304;134,6268;4,9919;0,0913;-;2,2780;0,3054;1,4272;0,5196;0,0539;0,003033;0,2474;2,7983;0,0386;0,2876;0,8795;-;-;-
feb. 2014;2,9495;2,9751;3,6768;0,1636;0,6018;0,4723;4,4906;5,4416;0,014480;0,032226;0,2438;0,5371;1,0753;0,5063;1,4866;3,2874;137,2409;5,0631;0,0931;-;2,2960;0,2997;1,3788;0,5406;0,0528;0,003069;0,2473;2,7265;0,0387;0,3722;0,8950;-;2,9232;2,9316;3,6989;0,1646;0,6029;0,4686;4,4995;5,4563;0,014496;0,032019;0,2409;0,5435;1,0811;0,5081;1,4743;3,2618;139,1144;5,0490;0,0904;-;2,3006;0,3056;1,4049;0,5308;0,0526;0,003056;0,2460;2,7435;0,0388;0,3278;0,8881;-;-;-
ian. 2014;2,9386;3,0326;3,6713;0,1645;0,6060;0,4770;4,5219;5,4685;0,014947;0,031963;0,2517;0,5383;1,0816;0,5118;1,4915;3,3206;132,8483;5,0981;0,0981;-;2,3121;0,3046;1,3945;0,5487;0,0535;0,003109;0,2510;2,7486;0,0391;0,3973;0,9040;-;2,9030;2,9697;3,6760;0,1634;0,6027;0,4772;4,4978;5,4671;0,014467;0,032434;0,2470;0,5308;1,0614;0,5081;1,4641;3,3221;133,1168;5,0944;0,0944;-;2,2997;0,2953;1,3774;0,5481;0,0530;0,003072;0,2484;2,7049;0,0388;0,3854;0,9044;-;-;-
dec. 2013;2,9275;3,0613;3,6440;0,1623;0,5983;0,4721;4,4633;5,3376;0,014864;0,031513;0,2499;0,5306;1,0686;0,4983;1,5799;3,2581;127,9540;5,0121;0,0990;-;2,2821;0,3138;1,3888;0,5363;0,0527;0,003085;0,2505;2,6784;0,0389;0,3959;0,8870;-;2,9020;3,0575;3,6546;0,1637;0,6012;0,4684;4,4847;5,3812;0,015091;0,030997;0,2496;0,5355;1,0812;0,5079;1,5268;3,2551;125,8097;5,0178;0,0992;-;2,2930;0,3099;1,3780;0,5377;0,0527;0,003083;0,2486;2,6756;0,0391;0,4008;0,8862;-;-;-
nov. 2013;3,0714;3,1417;3,6084;0,1655;0,5959;0,4782;4,4448;5,3039;0,014931;0,032930;0,2540;0,5413;1,0610;0,5004;1,6263;3,2935;135,2668;5,0410;0,1006;-;2,2726;0,3228;1,4360;0,5405;0,0526;0,003099;0,2518;2,7216;0,0390;0,4026;0,8967;-;2,9695;3,0833;3,6071;0,1621;0,5954;0,4742;4,4412;5,3281;0,014760;0,031912;0,2490;0,5320;1,0563;0,4979;1,6156;3,2644;130,6920;5,0107;0,0984;-;2,2708;0,3191;1,4081;0,5357;0,0523;0,003085;0,2493;2,6504;0,0390;0,3962;0,8887;-;-;-
oct. 2013;3,1027;3,1460;3,6101;0,1732;0,5961;0,4731;4,4462;5,2478;0,015078;0,033341;0,2503;0,5474;1,0611;0,5083;1,6405;3,2599;137,7462;5,0181;0,1016;-;2,2733;0,3288;1,4884;0,5341;0,0529;0,003056;0,2507;2,7198;0,0390;0,3982;0,8876;-;3,0871;3,1043;3,5922;0,1723;0,5941;0,4709;4,4306;5,1993;0,015055;0,033038;0,2512;0,5465;1,0607;0,5033;1,6300;3,2441;139,0025;4,9920;0,1011;-;2,2654;0,3261;1,4854;0,5323;0,0528;0,003061;0,2509;2,6895;0,0389;0,3951;0,8832;-;-;-
sep. 2013;3,1034;3,2280;3,6174;0,1730;0,5984;0,4841;4,4627;5,3008;0,014894;0,033715;0,2601;0,5598;1,0537;0,5144;1,6555;3,3437;144,9838;5,0908;0,1025;-;2,2818;0,3349;1,4710;0,5463;0,0524;0,003086;0,2559;2,7207;0,0389;0,4091;0,9104;-;3,0848;3,2071;3,6505;0,1736;0,5980;0,4796;4,4604;5,3360;0,014982;0,033763;0,2550;0,5491;1,0579;0,5151;1,6202;3,3051;141,9124;5,0689;0,1018;-;2,2806;0,3276;1,4646;0,5399;0,0528;0,003077;0,2515;2,7357;0,0389;0,4032;0,8999;-;-;-
aug. 2013;3,0054;3,1989;3,5964;0,1718;0,5947;0,4766;4,4353;5,1589;0,014811;0,034030;0,2613;0,5583;1,0487;0,5096;1,6976;3,3306;144,2201;5,0587;0,1008;-;2,2678;0,3305;1,4233;0,5440;0,0529;0,002984;0,2581;2,6333;0,0389;0,4100;0,9068;-;2,9907;3,1802;3,6017;0,1724;0,5948;0,4796;4,4367;5,1909;0,014756;0,034148;0,2612;0,5486;1,0407;0,5078;1,6452;3,3510;150,0388;5,0775;0,1008;-;2,2685;0,3242;1,4196;0,5475;0,0507;0,003019;0,2512;2,6027;0,0388;0,4124;0,9122;-;-;-
iul. 2013;3,1004;3,2488;3,5796;0,1706;0,5934;0,4826;4,4257;5,1355;0,015007;0,033958;0,2672;0,5614;1,0349;0,5110;1,7501;3,3829;139,6598;5,0857;0,1032;-;2,2628;0,3411;1,5050;0,5515;0,0565;0,003004;0,2653;2,6681;0,0389;0,4127;0,9210;-;2,9970;3,2215;3,5778;0,1707;0,5909;0,4739;4,4048;5,0473;0,014685;0,033975;0,2608;0,5593;1,0383;0,5054;1,7182;3,3169;142,0122;5,0236;0,1005;-;2,2522;0,3363;1,4555;0,5413;0,0545;0,002956;0,2594;2,6514;0,0386;0,4088;0,9032;-;-;-
iun. 2013;3,2025;3,2932;3,6312;0,1739;0,6003;0,4849;4,4765;5,2533;0,015146;0,034869;0,2728;0,5797;1,0468;0,5164;1,7894;3,3923;146,7541;5,1375;0,1049;-;2,2888;0,3388;1,5660;0,5531;0,0582;0,002990;0,2627;2,6835;0,0392;0,4161;0,9236;-;3,1579;3,2596;3,6123;0,1718;0,5978;0,4865;4,4588;5,2077;0,015101;0,034480;0,2733;0,5652;1,0302;0,5074;1,7745;3,4151;132,1562;5,1353;0,1043;-;2,2798;0,3423;1,5532;0,5564;0,0576;0,002991;0,2621;2,6641;0,0392;0,4164;0,9298;-;-;-
mai. 2013;3,2989;3,2716;3,4941;0,1674;0,5819;0,4798;4,3375;5,1064;0,014842;0,033104;0,2701;0,5737;1,0374;0,5058;1,8277;3,3430;151,7240;5,0085;0,1066;-;2,2178;0,3562;1,6418;0,5446;0,0607;0,003003;0,2715;2,7475;0,0391;0,4108;0,9102;-;3,2318;3,2595;3,5336;0,1699;0,5874;0,4830;4,3794;5,1296;0,014764;0,033568;0,2695;0,5741;1,0201;0,5091;1,7830;3,3737;152,9066;5,0547;0,1056;-;2,2392;0,3317;1,5986;0,5499;0,0595;0,002981;0,2615;2,6938;0,0389;0,4134;0,9184;-;-;-
apr. 2013;3,4974;3,3055;3,5908;0,1695;0,5875;0,4898;4,3802;5,1512;0,014653;0,034464;0,2729;0,5808;1,0582;0,5191;1,8733;3,3666;161,5289;5,0636;0,1075;-;2,2396;0,3695;1,6801;0,5442;0,0620;0,003004;0,2758;2,8530;0,0393;0,4140;0,9166;-;3,4247;3,2717;3,5320;0,1677;0,5798;0,4769;4,3237;5,1289;0,014436;0,033931;0,2685;0,5673;1,0432;0,5051;1,8396;3,3075;156,5432;4,9917;0,1065;-;2,2107;0,3689;1,6450;0,5365;0,0614;0,003002;0,2712;2,8321;0,0390;0,4079;0,9005;-;-;-
mar. 2013;3,5025;3,3061;3,5812;0,1712;0,5891;0,4999;4,3915;5,1113;0,014489;0,035750;0,2749;0,5866;1,0567;0,5262;1,8724;3,3879;173,4371;5,0935;0,1099;-;2,2454;0,3688;1,7064;0,5451;0,0623;0,003072;0,2708;2,8055;0,0393;0,4165;0,9224;-;3,5877;3,3881;3,6275;0,1712;0,5923;0,5064;4,4154;5,2352;0,014511;0,036620;0,2779;0,5901;1,0574;0,5286;1,9039;3,4455;177,8920;5,1661;0,1110;-;2,2576;0,3726;1,7019;0,5547;0,0635;0,003100;0,2790;2,8818;0,0395;0,4229;0,9380;-;-;-
feb. 2013;3,3837;3,2528;3,5645;0,1722;0,5878;0,4879;4,3848;5,0819;0,014982;0,035244;0,2709;0,5902;1,0512;0,5152;1,8470;3,2816;172,0183;5,0112;0,1087;-;2,2419;0,3693;1,6616;0,5265;0,0609;0,003019;0,2580;2,7523;0,0394;0,4033;0,8934;-;3,4207;3,2563;3,5796;0,1704;0,5861;0,4947;4,3698;5,0606;0,014743;0,036193;0,2723;0,5838;1,0514;0,5169;1,8551;3,3345;170,4722;5,0488;0,1091;-;2,2343;0,3768;1,6871;0,5359;0,0613;0,003076;0,2610;2,7691;0,0392;0,4088;0,9078;-;-;-
ian. 2013;3,4601;3,3208;3,5615;0,1713;0,5870;0,5009;4,3793;5,2563;0,014902;0,037003;0,2717;0,5929;1,0570;0,5077;1,8610;3,2949;177,0196;5,0582;0,1090;-;2,2391;0,3742;1,6227;0,5296;0,0607;0,003090;0,2596;2,7584;0,0391;0,4065;0,8971;-;3,3674;3,2262;3,5483;0,1709;0,5874;0,4815;4,3828;5,1114;0,014990;0,035523;0,2674;0,5891;1,0449;0,5085;1,8346;3,2332;174,0075;4,9850;0,1075;-;2,2409;0,3597;1,6270;0,5199;0,0608;0,002976;0,2545;2,7089;0,0393;0,3969;0,8803;-;-;-
dec. 2012;3,5847;3,4594;3,7128;0,1781;0,6018;0,5554;4,4895;5,5288;0,015720;0,040979;0,2808;0,6101;1,0962;0,5188;1,9164;3,4240;185,8160;5,2684;0,1114;-;2,2955;0,3964;1,6443;0,5493;0,0627;0,003183;0,2662;2,8477;0,0395;0,4220;0,9322;-;3,4841;3,3736;3,6681;0,1763;0,5936;0,5275;4,4287;5,4297;0,015135;0,038994;0,2769;0,6010;1,0829;0,5154;1,8798;3,3575;179,6287;5,1637;0,1102;-;2,2644;0,3956;1,6397;0,5389;0,0614;0,003156;0,2578;2,7603;0,0390;0,4144;0,9140;-;-;-
nov. 2012;3,6717;3,5398;3,7551;0,1785;0,6067;0,5780;4,5255;5,6325;0,016025;0,043625;0,2862;0,6167;1,0944;0,5259;1,9670;3,5289;195,6322;5,3964;0,1124;-;2,3139;0,4011;1,7113;0,5661;0,0643;0,003244;0,2698;2,8914;0,0401;0,4309;0,9608;-;3,6298;3,4984;3,7424;0,1787;0,6040;0,5676;4,5059;5,5536;0,016125;0,042236;0,2822;0,6139;1,0996;0,5236;1,9416;3,4687;192,3210;5,3229;0,1120;-;2,3039;0,3961;1,6575;0,5569;0,0632;0,003201;0,2681;2,8659;0,0399;0,4248;0,9444;-;-;-
oct. 2012;3,6185;3,5627;3,7680;0,1828;0,6112;0,5759;4,5583;5,6511;0,016160;0,044508;0,2868;0,6154;1,1093;0,5292;1,9483;3,5134;197,2855;5,4128;0,1129;-;2,3307;0,4062;1,7300;0,5608;0,0662;0,003176;0,2726;2,8821;0,0401;0,4309;0,9566;-;3,6247;3,4985;3,7550;0,1813;0,6080;0,5707;4,5358;5,6213;0,015991;0,043687;0,2857;0,6132;1,0963;0,5275;1,9438;3,4873;192,7190;5,3727;0,1115;-;2,3192;0,4025;1,7174;0,5591;0,0648;0,003199;0,2676;2,8687;0,0400;0,4271;0,9495;-;-;-
sep. 2012;3,6381;3,5775;3,7228;0,1820;0,6038;0,5746;4,5007;5,6403;0,015843;0,044785;0,2826;0,6085;1,0887;0,5296;1,9422;3,5016;196,0972;5,3827;0,1113;-;2,3012;0,4230;1,7267;0,5539;0,0643;0,003116;0,2704;2,8630;0,0387;0,4309;0,9533;-;3,6588;3,5771;3,7478;0,1802;0,6081;0,5745;4,5331;5,6813;0,015916;0,045094;0,2845;0,6152;1,1020;0,5375;1,9522;3,5029;200,3454;5,4057;0,1130;-;2,3178;0,4251;1,7250;0,5574;0,0665;0,003149;0,2732;2,9173;0,0395;0,4290;0,9536;-;-;-
aug. 2012;3,8135;3,6655;3,7603;0,1806;0,6066;0,5986;4,5163;5,7190;0,016206;0,046294;0,2917;0,6165;1,1037;0,5453;2,0271;3,6407;190,5837;5,5082;0,1139;-;2,3092;0,4403;1,7939;0,5725;0,0656;0,003216;0,2760;2,9516;0,0383;0,4492;0,9912;-;3,6630;3,5798;3,7136;0,1798;0,5986;0,5817;4,4595;5,6116;0,015747;0,045176;0,2847;0,6114;1,0657;0,5342;1,9528;3,5484;189,1168;5,3978;0,1094;-;2,2801;0,4219;1,7303;0,5591;0,0638;0,003131;0,2661;2,8433;0,0377;0,4371;0,9663;-;-;-
iul. 2012;3,8094;3,6473;3,7869;0,1788;0,6115;0,6102;4,5484;5,7668;0,015882;0,046866;0,2988;0,6100;1,0863;0,5321;2,0411;3,6993;189,4667;5,5726;0,1138;-;2,3256;0,4484;1,8255;0,5806;0,0667;0,003238;0,2768;2,9531;0,0390;0,4574;1,0072;-;3,9216;3,7206;3,8040;0,1807;0,6142;0,6133;4,5694;5,8428;0,016390;0,047615;0,2971;0,6157;1,1132;0,5461;2,0741;3,7242;194,4040;5,6156;0,1155;-;2,3363;0,4539;1,8239;0,5853;0,0670;0,003294;0,2812;3,0182;0,0388;0,4598;1,0139;-;-;-
iun. 2012;3,5539;3,4623;3,7138;0,1741;0,6001;0,5882;4,4603;5,5320;0,015228;0,044867;0,2943;0,5915;1,0385;0,5027;1,9535;3,5570;182,3135;5,3912;0,1083;-;2,2805;0,4242;1,7339;0,5590;0,0634;0,003058;0,2555;2,7776;0,0386;0,4402;0,9684;-;3,5961;3,4481;3,7024;0,1737;0,5986;0,5837;4,4494;5,5101;0,015439;0,044523;0,2920;0,5907;1,0446;0,5069;1,9464;3,5360;178,5300;5,3662;0,1072;-;2,2750;0,4277;1,7032;0,5566;0,0632;0,003088;0,2630;2,8213;0,0384;0,4408;0,9628;-;-;-
mai. 2012;3,4572;3,4351;3,6947;0,1753;0,5970;0,5744;4,4381;5,5202;0,015109;0,043533;0,2917;0,5862;1,0335;0,4933;1,9167;3,4703;176,5588;5,3071;0,1123;-;2,2692;0,4250;1,7507;0,5485;0,0637;0,002993;0,2546;2,6820;0,0390;0,4310;0,9448;-;3,5053;3,5007;3,7159;0,1740;0,6008;0,5944;4,4652;5,5787;0,014831;0,045577;0,2993;0,5935;1,0167;0,4973;1,9465;3,5939;181,1831;5,4314;0,1091;-;2,2831;0,4228;1,7820;0,5643;0,0641;0,003053;0,2549;2,7199;0,0380;0,4445;0,9785;-;-;-
apr. 2012;3,4372;3,3474;3,6405;0,1765;0,5882;0,5503;4,3760;5,3219;0,014839;0,040856;0,2794;0,5781;1,0480;0,4939;1,8604;3,3243;175,8408;5,1301;0,1127;-;2,2375;0,4246;1,7961;0,5272;0,0643;0,002928;0,2549;2,7173;0,0392;0,4144;0,9051;-;3,4673;3,3848;3,6593;0,1768;0,5911;0,5497;4,3970;5,4090;0,015366;0,041464;0,2825;0,5798;1,0527;0,4934;1,8892;3,3240;177,6435;5,1557;0,1132;-;2,2482;0,4288;1,7625;0,5268;0,0632;0,002946;0,2563;2,7273;0,0393;0,4139;0,9050;-;-;-
mar. 2012;3,4815;3,3259;3,6190;0,1769;0,5871;0,5479;4,3652;5,2298;0,014940;0,040108;0,2797;0,5798;1,0551;0,4912;1,8475;3,3060;177,9901;5,0942;0,1126;-;2,2319;0,4346;1,8486;0,5236;0,0656;0,002934;0,2594;2,7105;0,0393;0,4121;0,9000;-;3,4133;3,2953;3,6346;0,1768;0,5886;0,5431;4,3791;5,2532;0,014851;0,039961;0,2801;0,5762;1,0544;0,4958;1,8405;3,2805;175,3292;5,0842;0,1118;-;2,2390;0,4277;1,7997;0,5209;0,0645;0,002895;0,2571;2,6969;0,0392;0,4092;0,8931;-;-;-
feb. 2012;3,5270;3,2963;3,6042;0,1738;0,5852;0,5449;4,3506;5,1952;0,014971;0,041925;0,2772;0,5757;1,0400;0,4932;1,8715;3,2879;184,2171;5,0943;0,1103;-;2,2245;0,4294;1,9123;0,5219;0,0668;0,002928;0,2573;2,7444;0,0402;0,4098;0,8951;-;3,5084;3,2686;3,6080;0,1747;0,5848;0,5363;4,3486;5,1548;0,015030;0,040174;0,2741;0,5832;1,0528;0,4926;1,8590;3,2357;185,9428;5,0335;0,1113;-;2,2234;0,4352;1,9082;0,5141;0,0660;0,002899;0,2529;2,7345;0,0394;0,4036;0,8809;-;-;-
ian. 2012;3,5038;3,3220;3,5877;0,1701;0,5841;0,5574;4,3428;5,2192;0,014179;0,043721;0,2850;0,5660;0,9943;0,4912;1,8319;3,3650;179,4171;5,1697;0,1076;-;2,2205;0,4201;1,8829;0,5325;0,0660;0,002946;0,2515;2,6976;0,0413;0,4184;0,9161;-;3,5104;3,2977;3,6044;0,1726;0,5844;0,5460;4,3433;5,1969;0,014788;0,043127;0,2808;0,5667;1,0265;0,4885;1,8558;3,2919;183,9433;5,1266;0,1092;-;2,2207;0,4236;1,8826;0,5219;0,0666;0,002936;0,2549;2,7276;0,0411;0,4112;0,8964;-;-;-
dec. 2011;3,3272;3,2122;3,5239;0,1697;0,5820;0,5459;4,3267;5,1264;0,014220;0,042229;0,2783;0,5584;0,9668;0,4800;1,7570;3,2863;173,7568;5,0733;0,1041;-;2,2123;0,4015;1,7875;0,5177;0,0625;0,002859;0,2390;2,5306;0,0420;0,4095;0,8947;-;3,3940;3,2724;3,5528;0,1674;0,5811;0,5538;4,3197;5,1545;0,013881;0,043178;0,2866;0,5549;0,9730;0,4839;1,7450;3,3393;169,0261;5,1256;0,1035;-;2,2087;0,4118;1,7901;0,5306;0,0627;0,002881;0,2384;2,5822;0,0406;0,4161;0,9093;-;-;-
nov. 2011;3,2397;3,1293;3,5369;0,1710;0,5851;0,5367;4,3536;5,0752;0,014051;0,041453;0,2735;0,5595;0,9815;0,4764;1,7717;3,2120;179,1843;5,0208;0,1040;-;2,2260;0,3933;1,7989;0,5053;0,0633;0,002831;0,2344;2,4733;0,0424;0,4007;0,8745;-;3,2692;3,1740;3,5474;0,1705;0,5856;0,5456;4,3539;5,0988;0,013968;0,041935;0,2741;0,5598;0,9571;0,4740;1,7636;3,2764;179,5197;5,0751;0,1045;-;2,2261;0,3894;1,7739;0,5137;0,0626;0,002865;0,2375;2,4899;0,0419;0,4088;0,8919;-;-;-
oct. 2011;3,1948;3,0895;3,5151;0,1742;0,5808;0,5284;4,3238;4,9671;0,014570;0,041154;0,2686;0,5579;0,9933;0,4745;1,7237;3,1539;169,0647;4,9691;0,1008;-;2,2108;0,3961;1,7756;0,4947;0,0640;0,002739;0,2347;2,4898;0,0430;0,3938;0,8587;-;3,2666;3,0982;3,5448;0,1742;0,5810;0,5177;4,3243;4,9454;0,014197;0,039667;0,2633;0,5595;0,9953;0,4784;1,7614;3,0889;170,6212;4,8770;0,1026;-;2,2110;0,3965;1,8471;0,4861;0,0633;0,002782;0,2359;2,5075;0,0429;0,3855;0,8411;-;-;-
sep. 2011;3,1829;3,1060;3,5679;0,1745;0,5751;0,5213;4,2820;4,9103;0,015042;0,040493;0,2683;0,5543;0,9879;0,4688;1,7307;3,1091;177,8743;4,8916;0,1012;-;2,1894;0,4129;1,7969;0,4866;0,0653;0,002777;0,2389;2,5288;0,0423;0,3885;0,8465;-;3,1295;3,0834;3,5703;0,1765;0,5850;0,5397;4,3533;5,0281;0,014883;0,041877;0,2683;0,5519;0,9853;0,4706;1,7320;3,2195;168,5501;5,0111;0,1002;-;2,2258;0,3993;1,7500;0,5045;0,0656;0,002726;0,2346;2,4597;0,0430;0,4019;0,8765;-;-;-
aug. 2011;3,1118;3,0208;3,7968;0,1752;0,5705;0,4967;4,2501;4,8488;0,015607;0,038431;0,2618;0,5457;1,0323;0,4637;1,6887;2,9612;167,6783;4,7586;0,1030;-;2,1731;0,4189;1,8583;0,4623;0,0653;0,002756;0,2421;2,4825;0,0416;0,3703;0,8062;-;3,1220;2,9878;3,6035;0,1751;0,5667;0,4912;4,2228;4,7621;0,015559;0,038189;0,2604;0,5460;1,0181;0,4609;1,6988;2,9244;171,6346;4,7158;0,1010;-;2,1591;0,4161;1,8328;0,4585;0,0638;0,002746;0,2347;2,4988;0,0419;0,3652;0,7961;-;-;-
iul. 2011;3,1969;3,1056;3,6035;0,1742;0,5687;0,4985;4,2405;4,7884;0,015857;0,037417;0,2577;0,5448;1,0616;0,4642;1,7935;2,9700;149,7358;4,7393;0,1064;-;2,1682;0,4370;1,9004;0,4599;0,0669;0,002806;0,2545;2,5104;0,0413;0,3718;0,8086;-;3,2483;3,1227;3,7057;0,1754;0,5692;0,4982;4,2403;4,8287;0,015708;0,038227;0,2597;0,5478;1,0584;0,4667;1,7661;2,9682;154,0188;4,7621;0,1071;-;2,1681;0,4395;1,8942;0,4611;0,0672;0,002815;0,2529;2,5709;0,0412;0,3711;0,8081;-;-;-
iun. 2011;3,0899;2,9800;3,4660;0,1726;0,5622;0,4896;4,1929;4,7218;0,015714;0,036204;0,2494;0,5353;1,0554;0,4601;1,8155;2,9134;143,1735;4,6623;0,1041;-;2,1438;0,4283;1,8356;0,4500;0,0650;0,002697;0,2468;2,3741;0,0420;0,3646;0,7932;-;3,1370;3,0281;3,5066;0,1742;0,5677;0,4899;4,2341;4,6760;0,015946;0,036389;0,2528;0,5445;1,0632;0,4617;1,7990;2,9259;141,7216;4,6885;0,1050;-;2,1649;0,4315;1,8666;0,4527;0,0655;0,002741;0,2490;2,4220;0,0420;0,3664;0,7967;-;-;-
mai. 2011;3,0592;2,9619;3,2802;0,1686;0,5515;0,4817;4,1120;4,6814;0,015413;0,035305;0,2470;0,5242;1,0439;0,4590;1,8197;2,8652;139,4300;4,5747;0,1026;-;2,1025;0,4178;1,7764;0,4411;0,0638;0,002643;0,2459;2,2821;0,0418;0,3586;0,7801;-;3,0494;2,9421;3,3580;0,1681;0,5527;0,4804;4,1208;4,7127;0,015415;0,035021;0,2471;0,5320;1,0419;0,4635;1,7915;2,8571;141,2640;4,6017;0,1021;-;2,1070;0,4147;1,7987;0,4410;0,0634;0,002648;0,2472;2,3547;0,0426;0,3581;0,7779;-;-;-
apr. 2011;2,9993;2,9606;3,1581;0,1688;0,5497;0,4760;4,0992;4,6406;0,015453;0,034042;0,2432;0,5247;1,0323;0,4569;1,8636;2,8360;134,7387;4,5401;0,1011;-;2,0959;0,4213;1,7877;0,4344;0,0640;0,002615;0,2421;2,2359;0,0405;0,3557;0,7721;-;2,9927;2,8828;3,1594;0,1687;0,5464;0,4609;4,0744;4,5659;0,015439;0,033660;0,2383;0,5222;1,0355;0,4560;1,8007;2,7408;135,1344;4,4607;0,1003;-;2,0832;0,4140;1,7327;0,4222;0,0619;0,002564;0,2372;2,2034;0,0411;0,3446;0,7462;-;-;-
mar. 2011;3,0044;3,0470;3,2344;0,1708;0,5584;0,5016;4,1646;4,8071;0,015371;0,036382;0,2495;0,5316;1,0376;0,4687;1,8818;2,9736;135,9929;4,7050;0,1046;-;2,1294;0,4297;1,7919;0,4529;0,0661;0,002655;0,2476;2,2045;0,0403;0,3741;0,8096;-;2,9928;2,9839;3,1597;0,1676;0,5517;0,4846;4,1141;4,6653;0,015451;0,034923;0,2462;0,5238;1,0243;0,4610;1,8764;2,8931;133,1271;4,6125;0,1021;-;2,1035;0,4257;1,7762;0,4418;0,0649;0,002639;0,2435;2,2070;0,0397;0,3653;0,7877;-;-;-
feb. 2011;3,1350;3,1486;3,2728;0,1749;0,5697;0,5289;4,2472;5,0175;0,015667;0,037670;0,2596;0,5423;1,0815;0,4829;1,9559;3,1108;137,1365;4,8642;0,1063;-;2,1716;0,4323;1,8632;0,4730;0,0685;0,002780;0,2578;2,3690;0,0411;0,3911;0,8470;-;3,0929;3,1185;3,2862;0,1726;0,5653;0,5178;4,2150;4,9440;0,015505;0,037260;0,2545;0,5445;1,0613;0,4795;1,9042;3,0489;138,1159;4,8072;0,1055;-;2,1551;0,4368;1,8332;0,4640;0,0673;0,002707;0,2519;2,2902;0,0408;0,3838;0,8301;-;-;-
ian. 2011;3,1782;3,2102;3,3348;0,1743;0,5720;0,5490;4,2622;5,0291;0,015475;0,038632;0,2614;0,5446;1,0953;0,4779;2,0413;3,1918;139,8286;4,9387;0,1056;-;2,1793;0,4615;1,9066;0,4838;0,0703;0,002852;0,2631;2,4428;0,0405;0,4011;0,8691;-;3,0972;3,1166;3,3041;0,1753;0,5708;0,5324;4,2549;4,9516;0,015563;0,037938;0,2577;0,5365;1,0807;0,4799;1,9442;3,1182;133,6413;4,8548;0,1046;-;2,1756;0,4343;1,8527;0,4721;0,0679;0,002782;0,2563;2,4009;0,0407;0,3928;0,8491;-;-;-
dec. 2010;3,2283;3,2199;3,3555;0,1706;0,5760;0,5595;4,2925;5,0598;0,015475;0,038989;0,2670;0,5431;1,0742;0,4742;2,1320;3,2439;145,2776;4,9877;0,1053;-;2,1948;0,4759;1,9157;0,4881;0,0719;0,002833;0,2620;2,4397;0,0404;0,4069;0,8833;-;3,2634;3,2102;3,4211;0,1709;0,5749;0,5521;4,2848;4,9673;0,015391;0,039400;0,2661;0,5482;1,0829;0,4780;2,0781;3,2045;145,3500;4,9554;0,1048;-;2,1908;0,4838;1,9312;0,4863;0,0716;0,002855;0,2587;2,4894;0,0403;0,4027;0,8726;-;-;-
nov. 2010;3,1069;3,1017;3,1938;0,1743;0,5759;0,5453;4,2931;5,0145;0,015589;0,038101;0,2650;0,5274;1,0866;0,4609;2,1783;3,1403;138,4686;4,8943;0,1013;-;2,1951;0,4501;1,8343;0,4720;0,0698;0,002779;0,2548;2,4242;0,0401;0,3944;0,8550;-;3,1614;3,2213;3,2891;0,1724;0,5748;0,5677;4,2842;5,1078;0,015128;0,039216;0,2684;0,5302;1,0563;0,4674;2,1838;3,2861;145,4633;4,9906;0,1046;-;2,1905;0,4611;1,9125;0,4931;0,0715;0,002828;0,2630;2,4497;0,0399;0,4130;0,8950;-;-;-
oct. 2010;3,0213;3,0234;3,1801;0,1745;0,5739;0,5377;4,2798;4,8826;0,015604;0,037645;0,2621;0,5281;1,0830;0,4617;2,1613;3,0788;132,9525;4,8372;0,1015;-;2,1883;0,4452;1,8295;0,4617;0,0693;0,002742;0,2474;2,3127;0,0402;0,3872;0,8382;-;2,9940;3,0158;3,1233;0,1730;0,5722;0,5350;4,2664;4,9096;0,015618;0,038217;0,2608;0,5196;1,0699;0,4555;2,1461;3,0904;132,5903;4,8452;0,1001;-;2,1814;0,4396;1,8126;0,4632;0,0694;0,002744;0,2490;2,3279;0,0397;0,3876;0,8412;-;-;-
sep. 2010;3,0568;3,1548;3,2562;0,1730;0,5726;0,5722;4,2642;5,0797;0,015117;0,038679;0,2679;0,5389;1,0786;0,4624;2,1840;3,2636;133,3695;4,9936;0,1060;-;2,1803;0,4576;1,8955;0,4839;0,0709;0,002807;0,2547;2,3740;0,0404;0,4119;0,8886;-;3,0291;3,0287;3,2068;0,1735;0,5727;0,5491;4,2674;4,9667;0,015389;0,037516;0,2631;0,5343;1,0711;0,4659;2,1538;3,1254;131,7241;4,8668;0,1022;-;2,1819;0,4489;1,8378;0,4670;0,0701;0,002741;0,2496;2,3080;0,0400;0,3941;0,8508;-;-;-
aug. 2010;2,9556;3,1616;3,1596;0,1709;0,5690;0,5770;4,2389;5,1422;0,015074;0,038482;0,2706;0,5342;1,0627;0,4499;2,1744;3,2847;128,2326;4,9859;0,1081;-;2,1673;0,4501;1,8676;0,4839;0,0705;0,002783;0,2576;2,3463;0,0402;0,4161;0,8943;-;2,9870;3,1708;3,2958;0,1717;0,5721;0,5886;4,2597;5,1793;0,014829;0,039794;0,2761;0,5319;1,0626;0,4538;2,1969;3,3582;133,2368;5,0618;0,1089;-;2,1780;0,4542;1,9093;0,4933;0,0714;0,002799;0,2558;2,3460;0,0405;0,4259;0,9145;-;-;-
iul. 2010;2,9228;3,1992;3,1649;0,1682;0,5718;0,5859;4,2611;5,1012;0,015011;0,038102;0,2661;0,5307;1,0442;0,4484;2,1668;3,3388;128,4067;5,0256;0,1089;-;2,1787;0,4421;1,8848;0,4927;0,0713;0,002770;0,2604;2,3772;0,0407;0,4224;0,9090;-;2,9344;3,1617;3,1376;0,1712;0,5700;0,5732;4,2471;5,0961;0,014885;0,037872;0,2645;0,5325;1,0575;0,4498;2,1603;3,2679;122,4848;4,9450;0,1079;-;2,1715;0,4441;1,8587;0,4824;0,0702;0,002758;0,2558;2,3562;0,0399;0,4124;0,8897;-;-;-
iun. 2010;2,9598;3,3427;3,0794;0,1645;0,5698;0,6112;4,2396;5,1191;0,015079;0,038169;0,2689;0,5355;1,0340;0,4430;2,1988;3,4700;137,5207;5,0964;0,1111;-;2,1677;0,4536;1,9187;0,5089;0,0745;0,002857;0,2725;2,3978;0,0409;0,4388;0,9448;-;3,0420;3,3993;3,2958;0,1697;0,5865;0,6256;4,3688;5,3493;0,015277;0,040175;0,2791;0,5504;1,0562;0,4590;2,2549;3,5617;142,0403;5,2833;0,1142;-;2,2338;0,4662;1,9678;0,5254;0,0765;0,002914;0,2784;2,4702;0,0418;0,4524;0,9701;-;-;-
mai. 2010;2,8977;3,1950;2,9443;0,1627;0,5609;0,5909;4,1743;4,8688;0,015101;0,036034;0,2612;0,5298;1,0304;0,4324;2,1459;3,3207;128,4899;4,9035;0,1092;-;2,1343;0,4348;1,8367;0,4864;0,0725;0,002853;0,2613;2,3226;0,0414;0,4191;0,9041;-;2,8769;3,2358;2,9379;0,1640;0,5617;0,6004;4,1792;4,9234;0,015195;0,037134;0,2657;0,5260;1,0239;0,4345;2,1590;3,3984;131,4516;4,9754;0,1103;-;2,1369;0,4423;1,8727;0,4977;0,0731;0,002827;0,2628;2,3193;0,0407;0,4286;0,9253;-;-;-
apr. 2010;2,8492;3,0616;2,8795;0,1632;0,5547;0,5564;4,1285;4,7144;0,015557;0,032918;0,2464;0,5199;1,0651;0,4270;2,0622;3,0758;113,4359;4,6702;0,1054;-;2,1109;0,4185;1,7495;0,4506;0,0691;0,002758;0,2513;2,1911;0,0415;0,3880;0,8374;-;2,8858;3,0823;2,8776;0,1617;0,5546;0,5571;4,1276;4,7567;0,015511;0,032799;0,2464;0,5256;1,0562;0,4295;2,0905;3,0973;117,1502;4,6966;0,1063;-;2,1105;0,4235;1,7911;0,4537;0,0697;0,002794;0,2542;2,2558;0,0416;0,3919;0,8431;-;-;-
mar. 2010;2,7457;2,9400;2,8228;0,1600;0,5493;0,5487;4,0879;4,5322;0,015398;0,033243;0,2388;0,5085;1,0503;0,4202;1,9624;3,0113;107,9781;4,6026;0,1019;-;2,0901;0,4058;1,6857;0,4411;0,0661;0,002648;0,2394;2,1171;0,0410;0,3784;0,8198;-;2,7877;2,9940;2,8665;0,1610;0,5501;0,5525;4,0958;4,6116;0,015378;0,032588;0,2448;0,5114;1,0611;0,4217;1,9984;3,0422;108,5052;4,6163;0,1032;-;2,0942;0,4150;1,7002;0,4456;0,0677;0,002688;0,2461;2,1585;0,0410;0,3849;0,8282;-;-;-
feb. 2010;2,6660;2,8469;2,8070;0,1586;0,5532;0,5484;4,1179;4,6971;0,015187;0,033338;0,2360;0,5083;1,0259;0,4139;1,9844;3,0071;105,9389;4,6249;0,0997;-;2,1055;0,3923;1,6297;0,4403;0,0649;0,002600;0,2324;2,0982;0,0416;0,3739;0,8187;-;2,6873;2,8536;2,8069;0,1583;0,5519;0,5491;4,1073;4,5987;0,015222;0,033773;0,2377;0,5099;1,0358;0,4233;1,9601;3,0151;107,9655;4,6568;0,1006;-;2,1001;0,3914;1,6524;0,4417;0,0654;0,002599;0,2359;2,0959;0,0411;0,3792;0,8208;-;-;-
ian. 2010;2,6492;2,7839;2,8045;0,1586;0,5564;0,5324;4,1409;4,6902;0,015371;0,031771;0,2345;0,5057;1,0177;0,4063;1,9678;2,8998;104,3260;4,5357;0,0972;-;2,1172;0,3886;1,6345;0,4248;0,0632;0,002547;0,2265;2,1077;0,0425;0,3598;0,7895;-;2,6376;2,7731;2,8101;0,1571;0,5537;0,5399;4,1220;4,7642;0,015201;0,032714;0,2341;0,5013;1,0156;0,4025;1,9765;2,9509;102,7657;4,5833;0,0971;-;2,1076;0,3893;1,5761;0,4323;0,0638;0,002540;0,2268;2,0861;0,0418;0,3679;0,8035;-;-;-
dec. 2009;2,6109;2,7434;2,8122;0,1621;0,5677;0,5278;4,2248;4,6964;0,015474;0,032206;0,2436;0,5023;1,0197;0,4061;1,9222;2,8952;105,1736;4,5758;0,0963;-;2,1601;0,3867;1,6534;0,4240;0,0621;0,002482;0,2255;2,0744;0,0440;0,3622;0,7882;-;2,6413;2,7979;2,8496;0,1598;0,5682;0,5352;4,2282;4,7393;0,015608;0,031778;0,2397;0,5092;1,0279;0,4117;1,9648;2,9361;104,1843;4,6062;0,0977;-;2,1619;0,3974;1,6872;0,4300;0,0631;0,002517;0,2243;2,1351;0,0440;0,3662;0,7992;-;-;-
nov. 2009;2,6422;2,7127;2,8390;0,1661;0,5762;0,5264;4,2881;4,7704;0,015834;0,032246;0,2603;0,5095;1,0286;0,4150;1,9267;2,8741;104,0230;4,5988;0,0994;-;2,1925;0,3821;1,6627;0,4209;0,0617;0,002471;0,2194;2,0975;0,0455;0,3538;0,7825;-;2,5946;2,6880;2,8357;0,1635;0,5742;0,5186;4,2738;4,6903;0,015707;0,032894;0,2589;0,5018;1,0311;0,4084;1,8665;2,8396;106,9960;4,5632;0,0974;-;2,1852;0,3842;1,6318;0,4159;0,0611;0,002442;0,2207;2,0305;0,0451;0,3545;0,7730;-;-;-
oct. 2009;2,6226;2,7430;2,8302;0,1658;0,5756;0,5280;4,2848;4,6767;0,015963;0,032031;0,2574;0,5124;1,0173;0,4159;1,9658;2,8904;96,9665;4,5993;0,0982;-;2,1908;0,3864;1,6616;0,4234;0,0619;0,002461;0,2185;2,1368;0,0460;0,3515;0,7870;-;2,6465;2,7070;2,8458;0,1623;0,5771;0,5285;4,2955;4,7815;0,015759;0,031803;0,2607;0,5140;1,0144;0,4142;1,9454;2,8927;97,1243;4,6104;0,0996;-;2,1963;0,3781;1,6696;0,4237;0,0615;0,002446;0,2223;2,1127;0,0460;0,3583;0,7876;-;-;-
sep. 2009;2,5066;2,6913;2,7981;0,1672;0,5695;0,5279;4,2389;4,7529;0,015589;0,031856;0,2599;0,4926;1,0190;0,4158;1,9517;2,9110;93,2591;4,5969;0,0947;-;2,1674;0,3870;1,5956;0,4263;0,0602;0,002396;0,2172;2,0478;0,0454;0,3413;0,7926;-;2,5269;2,6667;2,7818;0,1668;0,5640;0,5203;4,1981;4,6047;0,015548;0,031979;0,2477;0,4956;0,9940;0,4108;1,9290;2,8619;92,1329;4,5520;0,0954;-;2,1465;0,3877;1,6014;0,4193;0,0600;0,002430;0,2122;2,0641;0,0451;0,3474;0,7793;-;-;-
aug. 2009;2,4692;2,7174;2,7674;0,1644;0,5667;0,5340;4,2185;4,8899;0,015636;0,031182;0,2644;0,4868;1,0211;0,4128;1,9886;2,9576;90,2637;4,6134;0,0934;-;2,1569;0,3722;1,6039;0,4329;0,0612;0,002385;0,2284;1,9973;0,0452;0,3638;0,8053;-;2,4801;2,6877;2,7843;0,1663;0,5674;0,5347;4,2231;4,7889;0,015531;0,031775;0,2632;0,4911;1,0293;0,4135;1,9678;2,9554;89,8697;4,5980;0,0929;-;2,1593;0,3798;1,5710;0,4327;0,0606;0,002365;0,2231;2,0177;0,0455;0,3503;0,8046;-;-;-
iul. 2009;2,4080;2,6631;2,7735;0,1635;0,5663;0,5370;4,2168;4,8960;0,015506;0,031695;0,2663;0,4705;0,9808;0,3893;1,9716;2,9940;89,9269;4,6451;0,0950;-;2,1561;0,3765;1,5487;0,4382;0,0618;0,002371;0,2245;1,9280;0,0453;0,3861;0,8151;-;2,4714;2,7652;2,7502;0,1646;0,5658;0,5384;4,2127;4,9459;0,015821;0,031219;0,2634;0,4812;1,0115;0,4064;2,0204;2,9871;89,9198;4,6496;0,0951;-;2,1540;0,3824;1,5866;0,4371;0,0620;0,002431;0,2259;1,9578;0,0452;0,3794;0,8132;-;-;-
iun. 2009;2,4124;2,6735;2,7816;0,1589;0,5658;0,5361;4,2126;4,9215;0,015026;0,031133;0,2692;0,4711;0,9354;0,3874;1,9416;3,0035;91,5412;4,6455;0,0967;-;2,1539;0,3731;1,5337;0,4395;0,0628;0,002378;0,2255;1,9191;0,0450;0,3934;0,8179;-;2,4208;2,5844;2,7579;0,1627;0,5649;0,5325;4,2067;4,9485;0,015430;0,031095;0,2663;0,4653;0,9438;0,3880;1,9422;2,9792;90,1976;4,6391;0,0960;-;2,1509;0,3832;1,5248;0,4362;0,0621;0,002339;0,2266;1,9395;0,0450;0,3893;0,8112;-;-;-
mai. 2009;2,3364;2,6525;2,7573;0,1559;0,5598;0,5434;4,1689;4,7117;0,014790;0,031624;0,2729;0,4732;0,9447;0,3938;1,9642;3,0554;91,1619;4,6558;0,0956;-;2,1316;0,3648;1,4741;0,4477;0,0629;0,002432;0,2318;1,8390;0,0440;0,3888;0,8318;-;2,3614;2,6934;2,7617;0,1558;0,5613;0,5279;4,1786;4,7840;0,014849;0,030919;0,2684;0,4680;0,9353;0,3918;1,9266;2,9680;93,0412;4,6296;0,0961;-;2,1365;0,3741;1,4733;0,4347;0,0628;0,002352;0,2257;1,8798;0,0440;0,3894;0,8081;-;-;-
apr. 2009;2,2679;2,5885;2,7672;0,1568;0,5632;0,5641;4,1954;4,6694;0,014231;0,032138;0,2841;0,4770;0,9469;0,3857;1,9758;3,1777;91,1506;4,7415;0,0948;-;2,1451;0,3528;1,4379;0,4652;0,0635;0,002379;0,2358;1,8178;0,0446;0,3930;0,8651;-;2,3009;2,6406;2,7725;0,1568;0,5617;0,5581;4,1835;4,6714;0,014481;0,032141;0,2795;0,4783;0,9522;0,3908;1,9799;3,1447;89,8368;4,7251;0,0953;-;2,1390;0,3726;1,4436;0,4609;0,0630;0,002451;0,2282;1,7903;0,0440;0,3908;0,8560;-;-;-
mar. 2009;2,1833;2,5989;2,8434;0,1572;0,5747;0,5827;4,2821;4,6587;0,014077;0,033606;0,3047;0,4849;0,9266;0,3833;1,9179;3,2851;97,7627;4,8769;0,0948;-;2,1894;0,3293;1,4187;0,4805;0,0641;0,002264;0,2238;1,7440;0,0453;0,3994;0,8944;-;2,1981;2,5419;2,7943;0,1541;0,5686;0,5654;4,2348;4,5518;0,013685;0,032390;0,2865;0,4738;0,9007;0,3856;1,9011;3,1857;94,1399;4,7830;0,0941;-;2,1653;0,3329;1,3686;0,4661;0,0626;0,002303;0,2241;1,8148;0,0446;0,3880;0,8673;-;-;-
feb. 2009;2,1711;2,6898;2,8725;0,1502;0,5749;0,6008;4,2839;4,8239;0,014348;0,036237;0,3162;0,4873;0,9216;0,3932;2,0121;3,3480;101,1668;4,9792;0,0935;-;2,1903;-;-;-;-;-;-;-;-;-;-;-;2,1708;2,6904;2,8868;0,1534;0,5759;0,6081;4,2909;4,8002;0,014471;0,034717;0,3149;0,4858;0,9215;0,3747;2,0015;3,3851;102,7832;4,9438;0,0946;-;2,1939;-;-;-;-;-;-;-;-;-;-;-;-;-
ian. 2009;2,1570;2,6121;2,8330;0,1555;0,5680;0,5781;4,2327;4,6174;0,015087;0,035458;0,3017;0,4600;1,0011;0,3950;1,9923;3,1999;88,2225;4,8204;0,1002;-;2,1641;-;-;-;-;-;-;-;-;-;-;-;2,1343;2,6999;2,8762;0,1533;0,5740;0,5967;4,2775;4,7449;0,014353;0,037078;0,3097;0,4818;0,9620;0,4040;2,0241;3,3212;98,1099;4,9092;0,0937;-;2,1870;-;-;-;-;-;-;-;-;-;-;-;-;-
dec. 2008;1,9456;2,3495;2,5444;0,1498;0,5255;0,5258;3,9153;4,3120;0,014816;0,031893;0,2826;0,4145;0,9756;0,3633;1,8728;2,9026;76,5183;4,4345;0,1032;0,1297;2,0019;-;-;-;-;-;-;-;-;-;-;-;1,9621;2,3248;2,6717;0,1495;0,5348;0,5141;3,9852;4,1169;0,015034;0,031419;0,2704;0,4068;0,9554;0,3648;1,8563;2,8342;78,7536;4,3753;0,0964;0,1322;2,0376;-;-;-;-;-;-;-;-;-;-;-;-;-
nov. 2008;1,9458;2,4350;2,4908;0,1499;0,5068;0,5357;3,7753;4,5489;0,014237;0,030616;0,2861;0,4280;1,0115;0,3729;1,8555;2,9634;72,2069;4,3967;0,1084;0,1243;1,9303;-;-;-;-;-;-;-;-;-;-;-;1,9311;2,3762;2,4406;0,1505;0,5072;0,5321;3,7794;4,5222;0,014613;0,030854;0,2824;0,4240;1,0056;0,3663;1,8733;2,9387;76,9670;4,3656;0,1059;0,1246;1,9324;-;-;-;-;-;-;-;-;-;-;-;-;-
oct. 2008;1,9340;2,3983;2,4660;0,1510;0,5024;0,5074;3,7454;4,7579;0,014415;0,028226;0,2692;0,4360;1,0474;0,3804;1,9194;2,8131;73,4523;4,2488;0,1064;0,1230;1,9150;-;-;-;-;-;-;-;-;-;-;-;1,9045;2,3498;2,4948;0,1515;0,4917;0,5155;3,6610;4,6607;0,013987;0,029530;0,2768;0,4277;1,0098;0,3684;1,8373;2,8758;67,3530;4,2225;0,1063;0,1203;1,8718;-;-;-;-;-;-;-;-;-;-;-;-;-
sep. 2008;2,0661;2,3848;2,2739;0,1481;0,4861;0,4642;3,6254;4,5361;0,015058;0,023671;0,2540;0,4449;1,0742;0,3791;2,0339;2,5237;66,9228;3,9208;0,0997;0,1197;1,8536;-;-;-;-;-;-;-;-;-;-;-;2,0969;2,4801;2,3627;0,1516;0,5004;0,4761;3,7336;4,6916;0,015351;0,024689;0,2451;0,4499;1,0962;0,3814;2,0466;2,5957;74,9297;4,0495;0,1023;0,1232;1,9089;-;-;-;-;-;-;-;-;-;-;-;-;-
aug. 2008;2,0783;2,2376;2,1752;0,1453;0,4728;0,4418;3,5268;4,4489;0,014941;0,021560;0,2421;0,4422;1,0717;0,3753;1,9982;2,3571;63,5292;3,7291;0,0974;0,1162;1,8032;-;-;-;-;-;-;-;-;-;-;-;2,0720;2,2858;2,1864;0,1435;0,4738;0,4468;3,5330;4,3888;0,014858;0,022025;0,2476;0,4450;1,0565;0,3742;2,0316;2,3972;64,5144;3,7597;0,0975;0,1165;1,8064;-;-;-;-;-;-;-;-;-;-;-;-;-
iul. 2008;2,1843;2,2397;2,2111;0,1520;0,4798;0,4266;3,5792;4,5114;0,015427;0,021254;0,2310;0,4448;1,0974;0,3784;1,8696;2,2687;68,6387;3,7000;0,0972;0,1181;1,8300;-;-;-;-;-;-;-;-;-;-;-;2,1410;2,2133;2,1631;0,1476;0,4740;0,4269;3,5366;4,4875;0,015290;0,020933;0,2337;0,4411;1,1033;0,3736;1,9464;2,2644;66,3796;3,6762;0,0967;0,1164;1,8082;-;-;-;-;-;-;-;-;-;-;-;-;-
iun. 2008;2,2364;2,3138;2,2647;0,1502;0,4901;0,4397;3,6557;4,6154;0,015074;0,021986;0,2331;0,4576;1,0832;0,3902;1,9038;2,3506;67,1919;3,8073;0,0994;0,1206;1,8691;-;-;-;-;-;-;-;-;-;-;-;2,2264;2,2873;2,2732;0,1525;0,4890;0,4328;3,6475;4,6022;0,015442;0,021935;0,2337;0,4561;1,0877;0,3862;1,8815;2,3066;69,1468;3,7752;0,0986;0,1207;1,8649;-;-;-;-;-;-;-;-;-;-;-;-;-
mai. 2008;2,2324;2,3520;2,2528;0,1458;0,4905;0,4390;3,6594;4,6207;0,014772;0,022550;0,2271;0,4649;1,0750;0,3930;1,8860;2,3517;67,3369;3,8197;0,0991;0,1163;1,8710;-;-;-;-;-;-;-;-;-;-;-;2,2335;2,3568;2,2244;0,1441;0,4855;0,4371;3,6213;4,6087;0,015011;0,022162;0,2270;0,4569;1,0731;0,3877;1,9293;2,3376;66,0802;3,7803;0,0985;0,1195;1,8516;-;-;-;-;-;-;-;-;-;-;-;-;-
apr. 2008;2,1493;2,2802;2,2837;0,1453;0,4883;0,4259;3,6426;4,5755;0,014347;0,022558;0,2210;0,4575;1,0573;0,3887;1,7734;2,3102;67,7522;3,7828;0,0983;0,1125;1,8624;-;-;-;-;-;-;-;-;-;-;-;2,2076;2,3399;2,2769;0,1458;0,4926;0,4391;3,6759;4,6533;0,014501;0,022712;0,2272;0,4607;1,0626;0,3924;1,8315;2,3635;65,9125;3,8375;0,0997;0,1140;1,8794;-;-;-;-;-;-;-;-;-;-;-;-;-
mar. 2008;2,2147;2,3969;2,3700;0,1475;0,4992;0,4380;3,7218;4,7975;0,014308;0,023825;0,2253;0,4663;1,0519;0,3956;1,9263;2,3969;74,4283;3,9197;0,1011;0,1145;1,9029;-;-;-;-;-;-;-;-;-;-;-;2,1541;2,3085;2,3746;0,1471;0,4999;0,4324;3,7276;4,6832;0,014296;0,023717;0,2236;0,4636;1,0566;0,3970;1,7878;2,3563;71,0466;3,8843;0,1004;0,1143;1,9059;-;-;-;-;-;-;-;-;-;-;-;-;-
feb. 2008;2,2609;2,4776;2,2711;0,1438;0,4900;0,4495;3,6528;4,8638;0,013936;0,023116;0,2247;0,4595;1,0210;0,3901;2,0716;2,4767;73,5938;3,9292;0,1011;0,1103;1,8676;-;-;-;-;-;-;-;-;-;-;-;2,3079;2,5030;2,3433;0,1472;0,5001;0,4455;3,7269;4,8597;0,014162;0,023497;0,2293;0,4724;1,0550;0,3974;2,0466;2,4496;76,3969;3,9499;0,1021;0,1145;1,9055;-;-;-;-;-;-;-;-;-;-;-;-;-
ian. 2008;2,2131;2,4835;2,2818;0,1418;0,4957;0,4560;3,6930;4,9434;0,014416;0,023343;0,2272;0,4641;1,0227;0,3915;2,1323;2,5116;71,8818;3,9734;0,1025;0,1101;1,8882;-;-;-;-;-;-;-;-;-;-;-;2,2225;2,5022;2,3040;0,1423;0,4966;0,4482;3,7011;4,9616;0,014264;0,023391;0,2277;0,4592;1,0216;0,3917;2,1161;2,4904;73,9652;3,9776;0,1019;0,1096;1,8923;-;-;-;-;-;-;-;-;-;-;-;-;-