Date,INDUSTRY – TOTAL,MINING AND QUARRYING,Mining of coal and lignite,Extraction of crude petroleum and natural gas,Mining of metal ores,Other mining and quarrying,Mining support service activities,MANUFACTURING,Manufacture of food products,Manufacture of beverages,Manufacture of tobacco products,Manufacture of textiles,Manufacture of wearing apparel,"Tanning and dressing of leather; manufacture of luggage, handbags, saddlery, harness and footwear; dressing and dyeing of furs","Manufacture of wood and of products of wood and cork, except furniture; manufacture of articles of straw and plaiting materials",Manufacture of paper and paper products,Printing and reproduction of recorded media,Manufacture of coke and refined petroleum products,Manufacture of chemicals and chemical products,Manufacture of basic pharmaceutical products and pharmaceutical preparations,Manufacture of rubber and plastic products,Manufacture of other non-metallic mineral products,Manufacture of basic metals,"Manufacture of fabricated metal products, except machinery and equipment","Manufacture of computer, electronic and optical products",Manufacture of electrical equipment,Manufacture of machinery and equipment n.e.c.,"Manufacture of motor vehicles, trailers and semi-trailers",Manufacture of other transport equipment,Manufacture of furniture,Other manufacturing,Repair and installation of machinery and equipment,"Electricity, gas, steam and air conditioning supply","Electricity, gas, steam and air conditioning supply",Intermediate goods,Capital goods,Consumer durables,Consumer non-durables,Energy
2010-01-01,66.3,97.6,108.3,110.4,75.8,75.3,70.6,60.7,64.2,64.9,42.1,79.7,92.1,96.1,58.3,45.5,90.4,94.1,72.2,63,53.4,27.8,83,61.5,43.7,41.7,63,57.6,67.8,66.5,64.3,53.3,113.7,113.7,56,57,53.9,76.2,111.2
2010-02-01,69.6,94.1,119.1,99.3,64.6,84.9,75.9,65.4,67.5,66,41.7,90.1,96.4,103.1,66.7,51.9,99.7,74.7,76.9,75.1,53.2,37.6,84.1,63.3,57.2,46.8,65.1,60,78,68.4,60.2,65.7,105.6,105.6,61.7,61.7,59.3,80.7,102
2010-03-01,80.3,98.4,126,109.8,65.4,77.7,68.1,77.2,84.3,106.6,31.9,100.2,108,111.1,80.8,60.4,111.7,103.8,92.1,75,64.3,53.1,105,80.6,60.8,59.9,74.1,72.1,68,84.9,78.6,60.8,107.3,107.3,74.9,70.2,71.9,95.7,107.8
2010-04-01,74.1,93.7,97.1,103.1,67.3,76.2,75.9,71.8,74.7,108.1,33.9,84.5,92.7,94.4,78.2,52.9,111.8,92.9,93.2,77.2,64.3,64,101.9,75.7,51.1,59.5,77.9,65.7,61.5,74.9,81.6,63.6,91.2,91.2,74.5,64.6,64.8,85.8,93.4
2010-05-01,76.6,89.5,88.6,99.4,63.5,83,68.9,75.1,79.7,107.8,56.4,75.8,101.1,97.8,80.5,54.2,107.4,96.5,95.7,80.2,72.9,70.6,112.2,88.1,52.4,57.7,74.9,69.5,60.7,76.3,78.3,72.4,87.5,87.5,77.6,68,67.4,88.8,90.2
2010-06-01,81.2,94.7,103.7,100,71.6,95,79.2,80.2,78.5,122.2,63.2,80.5,106.2,104.9,79.4,60.8,117.7,93.8,98.9,93.5,75.3,70.8,106.4,99.1,63.5,59.6,83.2,76.6,65.4,80.3,81.3,78.5,87.1,87.1,79.3,76.4,69.9,92.5,90.1
2010-07-01,79.9,103,139.3,104,55.6,87.8,92.7,78,81.2,118.6,56.7,79.3,113.5,108.4,82.3,58.8,118.3,89.1,99.1,69.8,76.7,71.5,108.5,94,67.7,64.3,74.2,68.1,61.3,71.4,70.8,71.3,91.1,91.1,80.8,70.8,64.3,94.7,94.1
2010-08-01,66.3,97,136.1,103.1,66.8,91.5,70.4,62.8,77,117.4,62.8,64.3,92.6,79.8,74.9,54.5,114.5,96.4,102,52.7,77,72.5,97.6,74.1,44.8,57.8,66.5,33.3,53.6,76.4,65,73.4,92.8,92.8,74.5,45.4,66.8,84.4,95.8
2010-09-01,83.7,95.6,142.4,100.8,69.5,102.3,64.5,82.7,87.6,105.5,60.3,95.6,98.6,100.1,80.7,62.2,120.8,84.2,106,81.8,79.2,74.3,108.6,101.5,70.5,67.8,80.3,76.2,70.5,92.4,89.7,75.7,90.5,90.5,82.4,77.6,80.5,94.8,92.8
2010-10-01,85.4,99.4,137.4,104.5,80.7,112.9,69.9,83.5,96.6,84.5,63.4,100.9,106,103.9,83,57.8,128.7,61.9,99.5,80.9,77.7,70.9,109.3,95.4,81.8,66.1,78.7,77.7,54.4,91.2,84.9,80.5,101.4,101.4,82.1,77.9,80.1,100.1,98.9
2010-11-01,86.3,101.9,143.7,103.5,63.7,112.2,80.3,84.3,97.2,98.2,73.1,107.6,107.6,108.7,83.7,62.1,122.4,82.3,90.9,87.2,76.5,64,101,94,76,71.1,86.1,77.3,59,93.2,89.4,84.4,101.7,101.7,82.4,77.9,83.4,102,101.2
2010-12-01,77.8,104.8,109.5,107.2,63.5,90.2,102.5,73.2,87.5,97.1,55.8,79.9,88.9,85.1,73.7,51.4,117.6,93.3,87.8,74.7,59.5,38.8,86.5,84.5,79,55.3,84,62,57.9,76.2,87.5,85.1,116.1,116.1,68.3,70.2,65.3,89.2,112.4
2011-01-01,75.4,98.6,111.9,108.1,81.5,94.5,72.8,70.5,67.3,61.1,60.8,101.2,99.2,108.9,74.4,54.9,91.4,88.5,91.4,86.5,59.4,36.8,94.8,66.9,51.6,59.1,75.7,72.1,46.1,75.6,95.5,67.6,118.7,118.7,70.9,65.4,63.6,83,114
2011-02-01,79,96.6,120.4,97.9,72.5,77.3,90.7,75.4,71.9,67.1,56.4,100.1,102.3,109,75,68.3,96.1,72.4,86.7,87.4,71.3,50.6,111.2,85.8,51.5,68.7,79.5,76.2,41.9,81.1,85.9,71.4,110.9,110.9,79.5,69.5,72.6,85.3,105.4
2011-03-01,89.5,103.5,149.1,107.1,92.9,83.5,84.2,86.8,81.2,92.7,69.1,110.9,108.4,117.1,89.6,67.2,119.1,91.6,105.9,119,82.5,67,116.9,95.2,61.3,71.3,98.4,87.9,68.4,85.4,98,83.8,112.7,112.7,89.3,82.2,77.5,96.4,110.7
2011-04-01,79,102.6,129,102.9,76.1,91.3,96.2,76.3,81.7,103.5,72,95.4,92.9,96.5,85.9,62.6,99.7,96.7,103.6,102.6,73,79.3,106.3,101.7,56.7,61.9,82.6,65.2,46.5,76.6,85.2,71.7,99,99,82.8,67.9,67.2,88.9,100.1
2011-05-01,85.6,102,135.4,104.9,94.7,96,84.4,84.3,85.9,97,79.8,99.9,104.7,106.8,90.3,73,109.5,96.6,111.8,111,87.4,94.1,107.6,88.5,59.4,72.7,94.5,80.4,57.2,79.2,104.3,79.1,94.5,94.5,90.8,76.6,73.2,95.4,97.3
2011-06-01,83.4,95.9,145.1,98.8,88.9,98.8,70.1,82.4,81.1,115.6,89.2,86.2,109.1,109.8,87.5,66.7,112.7,98.1,107.6,103.1,82.1,85.5,108,92.3,52.2,70.5,91.8,81.9,42.5,77.5,88.1,80.5,89.7,89.7,87.7,74.9,70.9,94.5,93.3
2011-07-01,82.8,96.6,139.5,101.5,87.8,98.6,68.9,81.5,81.2,117,60.5,83.9,113.1,112.1,88.6,64,107.7,96.1,105.3,97.5,93.2,77.2,117.5,115,54.2,70.6,86.1,70.7,51.9,71.3,84.3,81.5,91.9,91.9,88.7,72.6,67.1,95.1,94.9
2011-08-01,76.5,105,149.8,101.9,91.4,103.3,96.4,73.9,84.3,112.8,77.8,73.1,99.4,85.1,88.6,59.5,102.7,82.6,108,82,90.8,91.4,107.1,92.3,42.8,63.9,83.6,53.2,71.9,77.8,74.3,83.3,93.4,93.4,85.6,61,69.2,89.9,95.1
2011-09-01,88.7,101.6,143.6,97.9,108.9,109,92.5,87.8,92,113.8,75.5,100.3,107,108.4,90.5,71.7,103.5,81,109.1,100.4,94.7,91.5,112,102.6,55,73.8,97.8,87.3,58.8,83.3,83.7,90,94.6,94.6,92.3,81.7,78.6,99.1,95
2011-10-01,88.7,101.4,149.4,104.3,109.6,117.5,71.9,87,99.3,93,78.7,100.9,100.7,99.1,93.8,67.8,108.2,87.4,99.9,104.8,95.1,84.4,103.2,90.7,53.4,73.8,99.5,86.9,74.8,79.2,94.8,80.8,102.2,102.2,90.2,81.3,74.5,99,102.2
2011-11-01,91,101,157.4,102.9,77.2,116.3,71.5,88.6,106.9,89.2,74.3,107.6,101.9,102.8,90.8,78.3,105.5,75.9,88.2,108.2,90.2,76.9,114.7,91.9,60.5,75.4,103.6,86.8,76.3,83.7,79.7,87.3,113,113,88.5,84,78.1,102.8,109
2011-12-01,77,104.2,143,106.8,73.8,85.9,89.4,72,86.5,96.4,54.6,92.5,85.7,81.1,78.8,57.8,92.7,92.3,69.4,80.5,70.4,51.8,99.7,79.9,56,55,89.1,58.5,74.9,73.6,70.6,99.8,120.1,120.1,71.4,67.1,62.7,86.5,115.9
2012-01-01,78.4,106.9,138,106,73.3,70.3,108.8,73.9,66.7,69.4,71.2,99,100.2,98.9,87,53.7,80.4,81.2,74.1,100.6,66.9,41.1,100.6,62,56.7,61.8,90.3,77,58.4,75.5,88.9,69,116.1,116.1,77.2,70.2,62.4,82.1,111.7
2012-02-01,80.2,90.8,129.4,97.7,62.3,75.6,65.1,75.9,71.6,62.5,66.7,115.8,98.5,99.2,79.8,56.6,87.7,57.2,72.3,99.1,70.3,40.7,89.3,70.2,55.3,67.2,91.8,81.5,61.5,76.4,98.3,69.3,122.9,122.9,75.2,73.4,68.6,85,112.9
2012-03-01,89.8,112.3,160.7,105.8,79.6,74.6,121.4,86.7,86.8,94.6,75.8,113.8,109.5,106.9,99.3,70.2,106.3,92,103,122.4,83.1,63,92.7,96,61.4,73,102.1,84.5,74.3,82.2,110.4,85.2,113.9,113.9,89.5,81.6,78.9,98.1,111.7
2012-04-01,79.5,102.9,119.1,100.7,76.5,85.1,108,76.8,81,93.8,72.9,88.2,86.8,86.4,84.9,67.1,91.4,93.3,104.8,96.6,79,70.7,102.4,79.3,51.6,62.5,97.2,71.8,58.2,76.6,95.3,92.5,100.1,100.1,83,70.4,70.5,85.3,100
2012-05-01,90.3,106,126.7,101,122,102.4,110.8,88.7,86.8,112.5,85.5,103.2,108.3,108.1,103,70.2,111,72.8,113.6,107.9,94.3,86.1,115.7,96.8,62.2,71.8,104.1,84.1,75.8,81.1,102,96.7,101.5,101.5,96.4,82.1,78.4,98.5,99.3
2012-06-01,85.1,111,126.1,97.6,132.6,109.6,137,83.5,77.3,127,84.9,91.1,107.2,102.6,98.8,65.9,100.4,60.7,93,102.7,87.7,84,103,91.7,55.5,71.8,102.5,76,76.9,76.9,100.9,114.5,92.4,92.4,92.3,77.4,73.4,92.4,91
2012-07-01,86.3,112.9,132,100.8,132.3,107.5,135.4,84.3,82.6,127.8,87.2,78.1,110,105.7,97.3,65.8,96.7,91.1,89.2,87.6,91.1,85.4,108.4,101.5,49.1,73,99.6,77,75.1,76.6,100.1,109.2,97.2,97.2,91.7,77.8,73,94.5,98
2012-08-01,77.8,115.3,133.6,100.9,121.4,104.4,145.4,74.7,84.3,124.4,79.1,68.2,92.8,82.6,94.5,70.4,104.9,82.1,107.8,69.9,86.6,82.6,102.3,84.9,62.6,60,88,51.8,71.3,78.8,81.3,93.9,97.2,97.2,86.1,63.2,72.4,89.3,97.2
2012-09-01,88.2,116.6,145.4,99.3,109.6,96.9,152.3,86.8,93.1,107.5,70.1,95.8,93.6,91.6,93.9,65,119.4,92.3,102.3,101.7,87.6,79.5,99.7,102.5,72.1,71.2,101.9,81.6,62,86.4,88.8,100.6,93.5,93.5,89.8,83.1,81.2,95.4,95.5
2012-10-01,94.2,120.3,135.8,102.7,131.3,118.8,156.2,92.9,103,93.4,83.6,115.9,103.3,95.4,101.9,72.7,101.2,98.4,106.3,119.3,95.6,83.5,110,98.3,72.4,77.4,98,88.3,83.6,100.2,101.2,116.4,98.6,98.6,96.8,87.8,93.5,101.8,100.1
2012-11-01,93.1,116.7,141.3,99.3,144.4,107.9,150.3,90.9,103.7,86.3,77.1,117.6,107,101.3,98.8,67.2,108.2,90.9,95.7,97.1,84.9,73.9,100.6,90.9,64.4,73.1,100.5,89,91.4,95.9,94.9,121.2,108.1,108.1,91.1,87.1,87.3,103.3,105.9
2012-12-01,78,116.9,110.5,103,109.4,77.5,163.6,72.8,84.6,83,63.4,82,80.5,82.2,82.2,52.3,91.9,89.3,86.5,78,59.4,40.6,81.9,77.5,67.6,50.9,108.1,58.7,85.6,69.2,73.7,125,118.9,118.9,70.4,72.9,58.7,82.6,113.4
2013-01-01,83.1,113.3,127.7,103.9,68.6,76.5,141.9,78.8,74.1,67.1,47.6,105.9,101.7,109,92.5,60.7,85.9,87.3,84.7,110.1,68.5,41.3,88.5,67,51.3,71,86.8,83.4,77.4,81.8,84.7,94.4,118.4,118.4,80.4,75.9,71.6,87.2,113.4
2013-02-01,86.1,103.8,82.1,93.9,88.3,64.4,147,83.7,71.5,65.9,57.3,116.1,102.2,110.9,93.1,61.5,88.1,75,93.7,122.8,75,52.8,87.6,76.6,60.7,80.8,96.4,89.3,80.7,83,85.6,102.9,105,105,84.9,83.2,77.6,87.8,99.8
2013-03-01,90.9,110.2,106.5,104.9,100.6,69.9,136.1,88.4,82.5,82.4,74.4,124.3,107.4,103.7,104.9,72,89.3,38.3,98.7,138.9,87.8,68.2,94.1,82.9,54.7,83.2,104.4,93.5,77.3,90.2,110.8,97.5,111,111,93.2,85.1,83.9,95.5,102.9
2013-04-01,95.4,115.6,97.9,101.4,88.4,98.7,161.3,94.6,92.7,109.3,70.3,111.6,106.8,98.8,108.5,76.9,93.7,72,112.8,109.7,88.5,81.5,99.6,100.2,58.4,92.5,112.2,98.6,80.9,92.7,111.2,104.8,96.8,96.8,100.5,91.6,88.4,99.4,95.1
2013-05-01,88.7,111.3,61.1,103.6,91.3,95.4,153.3,88,86,120.3,61.7,96.5,101.1,94.4,112.4,66.3,92.2,93.3,116.1,103.4,88.8,76.5,97.8,100.5,53.6,73.6,103,86.5,73.8,88.8,100.1,102.7,88.7,88.7,94.6,83,83.9,94.1,90.8
2013-06-01,89.7,115,65.2,99.5,97.6,97.5,175.8,88.9,83.8,113.3,69.7,90.8,114.8,101.7,108.2,67.2,84.8,95,110,94.4,90,78.1,87.9,88.2,54.2,84.3,116.3,89.5,70,79.3,101.3,109.3,88.5,88.5,95.8,84.8,78,95.4,90.2
2013-07-01,96.2,112.8,82.7,101.4,103.1,109.1,152.1,95.7,89.7,105.5,74.2,96.8,121,109,116.8,76.2,89.1,95.6,107.5,112.9,98.8,96.1,94.2,96.8,69.5,88.9,118,95.6,83.3,85.6,109.7,99,95.9,95.9,102.6,92.2,81.5,101,96.4
2013-08-01,81.2,108.8,107.9,101.8,101.1,91,131,78.6,91,117.1,76,82.9,103.6,81.9,106.2,71.9,91.5,94.5,104.6,51.9,90.2,94.2,85.6,89.6,46.8,67.7,98.3,57.5,74.1,87.1,79.4,108.6,98.6,98.6,89.7,66.1,77.2,94.1,98.9
2013-09-01,97.2,115.4,115.5,100.6,94.6,92,157.4,96.8,98.7,95.7,74.4,117.2,111.9,102.8,111.1,77.7,92.4,100,107.8,89.8,101.5,94.4,90.7,100.7,74.1,90.8,125.3,92.9,76.6,99.5,102.5,111.3,94.8,94.8,101.4,93,92.5,103,96.7
2013-10-01,104.8,117.3,125.3,103.6,104,124.2,144.7,103.9,111.8,88.2,80.7,125.3,117,102.1,115.3,86.2,103.7,100.9,110.3,102.7,99.3,94.5,102.5,105.7,83.8,93.1,119.8,102.1,107.3,106.4,101.7,120.1,109.6,109.6,106.5,101.5,95.1,110.6,108.2
2013-11-01,101.7,116.4,107.6,100.1,57.4,136.4,153.6,100.2,110,82,80.9,123.2,115.7,106.9,103,82.8,104,99.4,104.8,111.5,94.2,91.8,97.1,101.5,81,90.9,120.6,93.6,112.8,105.7,100.4,125.4,112.6,112.6,100.9,97.5,94.2,109.6,109.3
2013-12-01,86,117.6,84.9,104.8,83.2,78.2,172.2,81.4,102.5,80.8,74.9,104.2,87.9,85.1,86.9,71,97.5,102.7,87.7,93.7,69.5,55.4,86.2,79,64.6,59.6,120.7,65.3,108.7,81.3,77.9,140.5,123.2,123.2,78.7,79.4,68,95.7,117.4
2014-01-01,91.4,104.5,91.9,104.1,85.3,72.1,119.9,88.3,80.1,63.8,54.1,121.6,104.5,115.6,99.1,81.9,106.4,93.2,97,100.9,75,36.7,89.6,85.8,61,88.3,106.4,89.2,97.4,91.7,86,110.8,120.5,120.5,87.5,87.4,81.6,94,114.6
2014-02-01,94.3,104.9,103.2,94.6,94.1,66.4,141.2,92.3,79.7,65.4,65.5,124.4,109.6,115.4,94.1,84.2,93,91.2,96.2,103.3,82.1,57.9,89.4,83.8,73.6,96.5,107.1,94.9,106.5,98.5,92,109.5,111.7,111.7,92.3,92.7,89.9,94,106.9
2014-03-01,100.8,115,86,104.9,101.2,84.7,158.5,99.8,87.1,84.6,77.8,120.6,110.9,112,107.9,85.8,110.3,94.3,107.1,124.6,98.1,80.4,101.8,94.7,91.9,98.5,118.5,101.1,95.7,95.1,108.3,107,106.4,106.4,102.2,100.8,89.4,99.8,104.5
2014-04-01,96.7,110.5,61.5,100.5,88.9,85.3,160.1,97,95.7,101.9,74.7,104.5,101.2,103.2,102.6,88.6,105,91,112.4,105.6,92.5,81.1,95.3,88.1,88.7,93,121,93.9,110.7,93.2,112.2,106.4,88.1,88.1,98.1,97.3,88.3,100.2,89.6
2014-05-01,100,120.6,93.8,102.6,94.3,89.6,182.3,100.5,98.2,99.6,73.8,120.8,114.6,112.7,107.9,91.9,106.5,105,107.7,109.6,100.3,87.5,79,94.8,107.4,97.5,125.9,94.2,91,94.4,121.5,99.5,86.9,86.9,102.3,99.7,90.9,105.8,91.3
2014-06-01,99,104.8,105.2,98.2,92.1,86.3,125.7,100.3,96.6,107.5,87.7,108.2,120.8,106.2,104,96.6,94.1,72.1,105.4,95.4,94.9,98.1,95.5,91.7,112.7,94.2,119.6,94.5,106.3,89.9,116.2,105.7,82.8,82.8,100.3,101.2,89.5,104,84.7
2014-07-01,101.7,119.2,108.1,101.4,108.3,101,170.7,102.1,92,109.2,95.1,103.6,123.3,116.8,106,100,90.6,107.5,118.7,92.5,102.2,89.4,103.1,101.1,127.2,97,121.7,92.8,96.6,84.4,125.7,96.5,90.2,90.2,104.6,103,85.4,104,94.1
2014-08-01,81.1,119,83.7,100.6,107.8,89,184.4,79,84.5,109.3,89.2,77.8,94.7,81.3,101.1,86.4,96.2,111.3,105.1,75.6,94,87.4,88,86.9,73.7,71.9,96.4,52,82.2,83.3,91.9,106.3,90.6,90.6,89.9,68.7,81.6,89.5,93.9
2014-09-01,103.5,113.7,78,98.1,103.7,88.5,171.2,104.5,99.3,99.1,93.9,113.6,106.7,112.2,104.6,95.9,107.9,113.6,112.5,96.1,102.5,93.9,107.6,103.2,120,99.4,115.6,101.2,97.7,100.7,119,102.6,88.7,88.7,105.1,105.9,98.6,104.1,92.3
2014-10-01,108.7,123.5,101.8,102.7,92.4,103.3,187,109.1,113.4,97.9,96.8,116.6,115.8,109.7,107.8,104.5,114.2,108,118.1,119.9,107.2,98.9,114.3,104.3,108.6,105.9,120.1,104.8,118.3,104.2,136.6,112,98.9,98.9,108.7,108.8,109,113.7,100.4
2014-11-01,102,113.4,110.1,98.8,89.5,109.4,150.7,101.3,106.4,76.5,91.3,115.1,107.3,101.2,99.7,101.3,106.5,106.8,100.8,109.3,96.6,94.1,103.5,90.9,104.2,97.9,114.9,97.6,111,98.1,129.2,98.7,105,105,100,101.3,101.4,105,104.4
2014-12-01,88.7,122.4,87.4,102.2,87.5,91.6,192.7,85.1,107.6,75.6,98.3,94.9,86.5,82.6,89.6,87.9,101.9,105,85.7,86.9,64,61.6,93.5,78.6,89.5,70.6,101.7,71.9,103.8,78.6,121.8,121.5,114.5,114.5,82.3,84.8,71.2,96.7,111
2015-01-01,93.7,94.2,106.4,104,85.1,57.3,91.8,87.8,86.3,70.2,76.3,106.7,97.3,110.9,90.7,86.9,83.1,106.5,88.3,90.3,85.2,41,93.7,78.5,90.6,90.3,95,95.7,92.7,91.8,88.5,74.1,126,126,81.7,89.6,90.3,91.6,120.5
2015-02-01,96.5,95.3,101.9,95.1,123.7,71.3,114.3,93.4,83,66.7,81.5,105.4,103.4,108.9,91.8,88.2,87.9,88.5,94.4,125.1,90.8,59,98.2,87.3,94.7,91.9,103,98.8,106.8,98,99.5,100,114.8,114.8,89.6,97.2,96.5,93.3,109.5
2015-03-01,104.4,110.6,106.7,105.7,125.3,92.6,143.2,103.6,95.2,92.5,90.5,107.3,105.3,127.8,100.7,100.2,99.4,110.4,110.1,118.9,103.9,92,109.7,98.4,110.4,95.1,107.8,110.2,104.6,106.2,101.3,85.5,106.3,106.3,104.8,103.7,104,102.9,106.3
2015-04-01,97.2,102.2,70.5,99.6,94.8,103.8,114.8,97.3,92.4,103.2,79.5,97.6,95.4,92.1,96.5,93.4,97.7,82.8,109.7,105.2,96.6,101.8,104.2,96.7,96,86.9,102.4,100.2,82.2,94.7,101.6,98.6,94.4,94.4,99.8,97.8,93.2,95.8,94.7
2015-05-01,98.6,107.5,88.2,101.3,124.2,105.9,132.2,101.2,95.7,105.6,94.8,92.7,102.7,99.5,103.9,101.8,92.5,107.5,103,108.7,102.1,117.3,104.5,107.9,98.3,95.6,102.1,97.6,101.3,97.3,102.3,92.9,80.4,80.4,105.2,100,97.9,99.4,85.9
2015-06-01,101.5,101.2,94.5,97.1,127.5,115.8,101.7,105,97.5,117.1,104.4,96.4,108.1,105.1,107,101.8,99.2,105.4,108.6,106.7,102.5,116.9,105.3,106,105.1,101.7,105.3,106.9,102.6,98.3,106,99.3,82.1,82.1,106.6,104.8,102.1,103.9,86.3
2015-07-01,105.2,97.8,95.5,98.8,93.8,111.6,83,107.6,101.3,129.3,101.9,102,113.9,113.6,106.3,102,93.8,109.1,111.4,97.9,108.6,124,105.5,108.3,95.7,108,106.7,106.1,103.5,98.2,112.6,109.5,94.5,94.5,107.8,106.7,104,108.1,96.1
2015-08-01,90.8,98,100.3,99.5,95.4,109.7,82.2,89.8,100.6,128.2,106.1,69.7,86.1,71.2,103.9,95.9,96.3,122.6,110.9,74,98.1,117.6,88.4,90.3,88.5,88.3,79.3,68.2,85,96.1,68.2,88.7,93.3,93.3,98.2,77.1,91.9,93.6,96
2015-09-01,105.4,99.6,102.1,95.7,81.4,113.3,102,108.6,108.1,107.9,113.9,109.4,98.8,99.7,101.1,107,112.1,110.6,108.9,90.7,110.7,119.3,97.9,120.5,105.8,116.1,104.5,111.3,104.9,109.7,109.5,104,89.9,89.9,108.3,111.1,114.5,104.4,92.1
2015-10-01,108.1,100.9,103.7,102.5,90,123.7,75.5,110,119.3,90.4,123,115.1,104.3,98.2,101.8,113.2,111.1,84.1,89.3,107.4,116.8,118,105.1,111.7,107.5,119.7,97.6,116.2,112.9,109.7,105.9,111.3,100.2,100.2,109.3,111.6,113.3,108.3,100
2015-11-01,104.4,96.3,115.6,99.3,94.3,109.8,71.3,104.9,115.8,93.4,120.7,109.1,100.4,98,107.2,108,110.9,79.4,86.6,98.6,105.1,112.3,98.1,103.9,104.6,112.9,102.8,105.5,99.2,108.6,109.1,109.5,104.8,104.8,103,105.6,107.1,105.8,102.6
2015-12-01,94.3,96.4,114.6,101.5,64.6,85.3,88,90.8,104.9,95.5,107.4,88.5,84.2,75,89.3,101.4,116,93.2,78.9,76.5,79.6,80.7,89.5,90.8,103,93.5,93.4,83.1,104.4,91.5,95.5,126.5,113.3,113.3,85.8,95,85.3,92.7,110
2016-01-01,93.6,85.7,111.7,102.4,119,42.7,59.8,89.1,86,71.5,108.6,99.5,93.4,98.5,89.8,99.9,92,103.1,72.5,94.8,93,44,88.2,82.2,109.1,98.6,91.4,100.9,72.2,106.1,92.9,71.4,122.2,122.2,81.9,91.3,101.4,89.4,117.3
2016-02-01,100.2,83.9,108,94.6,144.7,66.8,54.8,100.6,93.3,79.4,122.3,108,109.4,105.6,96.2,111.7,99.4,109.6,83.7,98.5,106.4,75.7,102.5,97.5,118.5,104.3,100.1,108.6,88.1,115.3,104.3,95.6,104.7,104.7,94.6,103,115.2,98.7,102.9
2016-03-01,109.5,94.6,72.8,98.2,156.6,115,62.9,111.5,105.9,96.3,136.5,109.3,106.9,104.5,100.9,117.1,98.1,108.1,102.7,107.9,111.3,108.4,109.1,120.6,131.2,115.4,106.8,124.5,96.6,121.2,111.6,93.4,105,105,108,117.3,121.2,104.7,103.6
2016-04-01,105,86.4,54.2,88,117.3,113.9,59.1,109.2,120.6,110.6,132.1,98,106.1,97.1,97.6,116,102.1,113.7,110.2,103.8,106.6,116.2,108.4,108.6,107.4,111.8,102.6,116.1,90.6,111,111.2,95.8,89.8,89.8,107.5,108.5,110.2,109.7,90.3
2016-05-01,102.1,84.9,72.3,85.6,122.9,107.8,61.3,106.3,106.4,107.5,81.9,94.7,100.8,96.6,102.5,111.6,98.6,111.7,109.8,98.6,107,114.4,110,107.4,109.7,117.6,98.9,112,83.6,115,107.6,88.5,86.5,86.5,107.7,104.3,115.9,102.2,87.4
2016-06-01,105,82,80.9,79.4,101.5,119.4,56.7,109.7,113.1,122.1,64.9,98.4,108,101.7,100.9,110.5,99.4,101.5,104.2,96.4,106.9,117.3,103.7,106.2,120,119.8,114.3,117.5,87.2,111,108.9,100,89.2,89.2,107.4,111.1,115.1,107.9,87.7
2016-07-01,102.2,85.1,93.7,84.2,85.5,110,65.2,105.4,110.8,129.9,87,94,107.4,101.5,104.1,118.7,91.9,116.9,109.5,79.2,109,117.5,104.5,101.3,113.4,112.4,85,106.9,86.8,104.1,109.6,97.4,91.5,91.5,107.7,100.3,106.6,106.2,91.2
2016-08-01,96.2,87.4,84.3,86.2,78.7,121.5,62.2,97.4,109.4,123.9,88.1,76.4,86.3,78.4,102.3,107.6,104,108.8,104.6,72.2,103.4,124.2,90.7,93,107.2,107.3,93.8,86.3,76.8,109.2,80.5,97.6,93.2,93.2,102.9,89.3,108.6,96.7,92.5
2016-09-01,107.9,91.1,95.3,82.4,99.3,132.8,83.2,112.8,113.1,113.9,99.6,106.6,101.6,103,106.9,121.9,112.3,83.2,107.6,91.8,105.2,122.3,102.1,111.2,144.4,132,104.1,127.7,86.2,120.7,115,94.9,88.3,88.3,112.4,116,125.1,107.1,86.9
2016-10-01,108.7,91.6,101.2,88.1,113.9,121,74.9,111.6,120.2,98.8,130.4,106.3,95.9,96.9,105.7,124.7,113.6,114.6,109.4,93.1,110.3,112.4,109.5,110.9,119.7,126.3,101.5,122.1,91.7,120,104.9,105.4,100.2,100.2,111.2,112.8,124.7,106.2,98.4
2016-11-01,110.7,93.8,103.5,91.4,103.5,120,77.2,111.9,123.4,90.6,83.3,113.8,96.1,103.2,104.7,122.6,120.3,115.4,106.8,99.1,110.4,102.9,114.5,107.1,128.1,118.8,107,125,91.3,125.2,102.2,97.3,111.3,111.3,109.8,113.3,126.9,108.1,107.4
2016-12-01,96.4,92.7,105.3,99.3,93.9,75.5,83.1,91.7,108.3,96.2,61.4,90,80.3,76.9,86.2,104.9,105,116.5,84.8,76.4,82.1,68.4,99,87.8,121.9,90.8,94.1,91,81.3,98.4,78.4,123.4,123.9,123.9,86.2,95.4,92.7,92.3,118.5
2017-01-01,98.6,84.3,108.7,100.6,82.6,56.1,49.3,94.1,89.5,78.9,82.5,102.7,83.8,95.6,85,112.6,92.6,98.9,75.7,95.2,94.8,44.4,102,84.3,116.9,102.7,97,122,70.6,103.3,92.9,76.7,129.7,129.7,85.1,102.9,103,88.8,122.2
2017-02-01,104.5,84.4,104.3,90.1,89.8,69.7,74.7,104.4,98.6,76.3,88.2,113.5,91.2,105.1,86.9,111.2,114.9,84.5,88.5,109.9,105.7,71.4,109.6,95.3,131.2,123.5,110,129.6,78.8,112.2,108.8,85.8,114.1,114.1,98.6,111.5,119.6,97.3,107.8
2017-03-01,120.7,90.4,98.5,95.1,92.3,97.7,66.5,124.5,118.6,112.6,97.8,119.8,104.6,112.6,109.7,127.3,133.6,96.8,113.7,121.8,123.4,107.3,117.4,127.7,145.7,136.6,121.1,151,99,122.5,126.2,128,113.2,113.2,117.4,135.3,134,114.6,108.7
2017-04-01,104.5,94.4,64.2,96.3,63.2,111.8,78.6,106.3,108.2,111.8,84.8,93.8,81.3,89.4,92.7,106.7,120.2,111.4,106.4,120.4,105.1,107.3,110.3,96.6,130,111.7,103.1,123.9,81,103.6,108.9,100.4,98.8,98.8,105.2,110.5,105.6,100.8,98.6
2017-05-01,117.7,102,104,92.9,72.7,137,104.5,123.7,116,122.8,103.5,126.7,98.3,105.1,109,132.4,126.9,89.7,113.7,119.3,121.1,126.6,124.9,116.8,153.2,136.1,161.8,142,95.8,120.8,126.5,92.8,91.1,91.1,123.1,132.1,129.4,113,91.5
2017-06-01,112.7,97.4,102.3,89.2,111.8,124.9,99.9,117.8,105.4,134.1,97.3,100.8,93,96.7,87.1,122.2,126.1,109.5,108.5,104.5,113.4,120.8,118.1,123.4,148,126.1,165.2,135.1,88.9,102.1,120.5,97.1,90.7,90.7,114.4,131.1,111.7,105.7,91.4
2017-07-01,110.1,96.4,107.2,90.8,124.4,121,90.5,114.1,105.6,134.5,103.1,100,96.2,101.6,93.6,123.1,126.2,112.6,111.1,101.8,117.8,122.6,119.3,112.3,135.7,119.8,144.2,122.5,79.9,93.5,117.3,111.9,93.5,93.5,115.1,120.1,100.4,106.7,94
2017-08-01,103.5,102.5,105.8,93.3,114.6,122.1,115.8,105.4,115.5,136.9,103.4,82.9,74.6,70.8,93.2,128.2,124.4,123.6,113.5,75.4,109.5,123.7,102.3,103.7,136.3,120,125.1,104.1,75,104.8,84.7,83.7,93.4,93.4,110.4,104.3,112.5,98.9,94.9
2017-09-01,115.4,102.8,107.4,93.2,96.8,118.5,121.9,120.7,119.4,105.6,98.4,110.4,92.1,99.1,95.1,128.6,124.8,113.3,118.7,101.9,119,125.5,115.9,117.2,161.9,136.2,164.2,137.4,83.3,113.3,117.8,98.4,91.1,91.1,118.5,132.4,124,107.9,92.7
2017-10-01,120.9,106.3,104.6,98.5,121.3,133.4,109.1,125.8,131.5,105.4,100.3,111.2,88.5,96.9,104.5,145.4,125.5,123.9,119.9,122.7,123.3,127.5,121.9,130.1,158.2,141.1,161.7,141.8,97.8,120.4,121.4,100,99.6,99.6,123.9,137,129.4,112.3,100.5
2017-11-01,120.5,102,108.2,97.1,101.8,122.3,100.2,124.1,128.6,104.4,99.8,122.1,88.6,98.2,107.6,144.8,140.1,119.9,113.6,123,116.9,118.7,102.6,116.7,156.8,147.2,165.8,142.2,105.1,131.5,120.4,93,108.7,108.7,119.8,134.3,135.1,112.9,106.9
2017-12-01,105.1,104.6,95.6,99.9,77.8,119,111.2,101.9,110.4,98.2,80.5,89,66.8,73,93.4,119.2,130.1,119.1,92.5,85,88.1,79.2,101.2,106.2,134,101.5,138.4,114.3,94.8,101.8,88.9,102,123,123,96.2,116.3,99.7,91.7,117.9
2018-01-01,106.7,88.8,107.5,95.5,89.3,64.5,84.3,106,99.1,90.4,90.5,107.9,78.6,98.7,89.3,119.2,104.3,116.7,91.9,118.4,102.4,56.3,103.6,90.1,134.5,124.5,147.7,140.1,82.2,111.8,99.8,63,118.3,118.3,96.1,120.9,111.7,95,113.6
2018-02-01,110.8,89,90.4,90.1,93.3,74.4,97.3,111.7,101.8,88.6,81.5,118.8,81.6,98.9,82.7,120.1,105.4,103.4,95.2,125.9,113,79.8,105.2,104.1,144.9,135.4,159.9,143.3,88.7,111.5,114.2,59.3,115.3,115.3,103.9,127.3,119.5,97.8,109.5
2018-03-01,122.2,97.3,101.3,98.8,113.7,95.8,92,124.5,116.6,119.3,97.9,122,88.5,100.2,98.1,127.8,122,123.2,110.2,135,122.3,100.2,118.1,107.4,160.6,156,186.3,157.2,92.3,112.7,113.2,73.6,120.3,120.3,118.6,139.3,126.4,109.5,115.9
2018-04-01,108.8,90.9,83,92,96.5,90.6,88.3,112.8,105.7,109.4,89.9,102.5,71.6,83.2,88.4,111.4,103.5,87.9,103.9,118.5,108.8,116.6,114.1,95.6,125.6,144.2,157.7,147.8,83.7,101,110.7,65.1,94.7,94.7,111.4,126.5,107.6,95.9,93.8
2018-05-01,118.9,98.4,73.2,93.2,95.5,115.7,105.1,126,119.7,130.8,83.4,112.3,84.4,97.8,94.4,132.3,116.7,95.7,118.7,127.9,119.3,138.9,122,115.2,144,154.3,169.8,158.8,90,113.1,117.9,87.5,88.5,88.5,125.6,139,121.2,109.6,89.7
2018-06-01,118.8,102.4,81,90.2,109.9,118.7,132.8,125.3,109.6,137.3,82.2,113.2,86.5,93.5,106.1,136.9,121.8,120,115.6,136.6,128.5,133.3,118.8,114.1,150.1,153.3,162.2,160.5,72.4,104.5,114,81.6,90.2,90.2,128.1,136.9,116.7,107.6,91.5
2018-07-01,118.1,100.5,86.2,93.9,113.3,120.7,106.5,123.4,113.4,125.9,86.7,108.4,88.5,97.6,106.2,137.5,112,116.4,124.5,105.8,122.4,132.8,115.9,124,145.5,146,162.5,151.3,92.6,98.8,117.6,71.1,96.2,96.2,125.4,135.7,110,106,96.6
2018-08-01,107.4,99.3,92.1,92.8,100.1,133.9,92.4,109.8,117.8,130.6,78,77.7,68.5,67.2,103.8,128.4,109,125.8,119.6,85,112.7,137.9,103,97.3,137.7,139.3,134.6,117.9,91.9,104.1,84.1,73.7,97.6,97.6,117.7,111.1,108.9,96.5,97.9
2018-09-01,116,98.1,94.4,90.9,113,122.4,101,121.9,116.5,120.8,79.8,100.6,77.8,83.3,94.7,144.4,108.9,111.4,109.3,103.4,120.7,133.4,108.7,114.3,157.3,152.1,172.3,153.5,86.5,102.2,113.8,84.5,90.9,90.9,121.9,137.5,116.8,101.4,91.9
2018-10-01,125.1,103.1,107.6,94.1,99.7,136.3,104.7,131.1,131.7,106.9,86.9,114.6,81.5,91.9,100.6,138,120.4,115.2,119.7,121.4,128.6,138,120.9,122,167.5,173.7,174.8,165.5,95.5,121.3,124.7,85,101.5,101.5,131.3,145.8,134.8,109.8,100.7
2018-11-01,123.5,101.5,100.6,92.6,90.2,119.8,117.5,127.8,126.5,113.7,86.8,108.4,78.2,96.7,98.9,150.2,132.2,89,99.6,105.8,120.8,123.7,113.9,127.7,166.3,170.9,169.4,163,116.2,115.4,127.4,78.8,109,109,124.3,147.1,127.5,107.8,104.7
2018-12-01,104.3,95.5,94.9,96.7,40.6,84.9,104.7,101.2,107.7,100.8,76.5,78.8,60.7,67.9,81.9,127.2,112.1,115.3,90,93.5,92.2,82.2,103.2,101.9,139.5,109.7,148.7,118.3,88.2,84.2,86.2,93.3,124.9,124.9,97.1,116.2,88.2,88.2,118.5
2019-01-01,106.8,89.7,76.5,98.4,103.7,69.3,78.6,105.3,101.6,86,82.8,93.4,65.1,81.2,88.7,122,97.8,119.8,96.3,110.6,103.3,63.5,105.8,81.4,131.4,134.7,139.7,152,78.2,96.9,97.4,52.5,122.5,122.5,99.6,121,105,88.6,117.2
2019-02-01,112.9,87.7,86.7,89,95.3,83.8,86.3,115,102.2,86.4,86.9,107.2,72.4,86.4,93.6,144.3,98.6,105.7,97.4,130.7,115.7,89.3,111,104.1,149,143.9,161.6,157.9,92.2,97.1,113.7,63.3,111.9,111.9,110.3,134,112.9,94,106.8
2019-03-01,122,98.6,105.4,95.7,101.5,115.2,93.1,125.9,111.5,107.2,94.3,113.5,77.7,88.5,101,143.9,106.9,99,113.2,121.4,126.6,122.8,118.9,104.3,169.1,162.8,180.5,168,103.4,102.5,128.5,83.2,110,110,126.9,144.3,112.6,101.3,106.6
2019-04-01,110.5,98,83.1,90.5,76.5,128.5,100.4,114.6,115.2,107.4,77.9,97.2,65.1,72.9,95.4,126.9,115.3,106.5,111.3,136.5,114.5,122.5,114.8,94.9,138.2,143.7,134.6,148.4,88.3,92.3,121.5,83.2,93.1,93.1,119.1,123.8,101.2,98.5,93.1
2019-05-01,119.3,96.2,92.9,91.3,86.6,123,90.3,125.8,123,127,73.5,109.1,71,81.5,93.3,127,125.5,129.9,116.3,116,126.5,129.4,116.8,105.5,147.5,162.1,167.8,166.1,99,104.2,136.9,87.3,93.5,93.5,125.7,140.3,117.3,105.6,94.8
2019-06-01,111.4,94.3,72.9,87.5,105.6,107.4,108.7,116.1,111.7,135.8,70.8,86.4,74,81.7,78.1,114.7,107.6,114.2,98,101.3,128.7,129.3,111.5,96.7,137.6,149.2,163.3,144.5,97,97,113.3,75.2,92.6,92.6,118.2,127.1,107.4,99.4,92.5
2019-07-01,114.5,93.1,81.6,89.3,118.7,125.1,78,120.4,119.6,137.3,79.5,92.9,77.8,84.8,84.7,136.1,108,119.8,116.2,112.9,119.8,139.6,114.6,102.9,139.3,154.6,155,147.1,98.9,99.5,149.1,84,90.8,90.8,122.4,129.7,108.4,105.5,91.8
2019-08-01,100.2,90.4,79.5,89,93.2,120.3,70,103,112.5,131.4,85.7,64,59.2,53.2,77.2,118.8,104.3,121.6,116.7,70.4,111.2,137.7,96.2,83.5,146.2,132.9,127,113.4,86.2,94.5,83.9,63.8,88.9,88.9,110.6,103.2,107.3,89.1,90.4
2019-09-01,114.5,97.6,90.4,89,103,133.8,96.4,120.8,122.7,118.3,87.1,95.3,71.7,75.7,84.2,124.8,115.5,119.5,110.9,99.3,121.2,139.1,101.5,100.6,164.4,150.8,172.5,152.7,108.8,106.9,121.3,75.6,87,87,119,136.2,124,101.4,88.9
2019-10-01,119.9,99.2,89.3,88.3,121.6,148.7,93.2,126.6,134.3,106.7,89.6,96.7,74,80.1,88.7,135.3,128,124.2,116.5,131.8,117.8,141.7,111.2,103.7,162.2,162.5,167.2,164.7,117.1,113.1,132.3,76,92.2,92.2,123.7,141.8,131.5,108.4,92.9
2019-11-01,116.8,96,79.9,91,131,132,81.7,121.7,123.8,111.9,93.5,95.6,70.9,71.3,85.5,129.5,121.6,121.2,102,113.6,119.1,127.2,104.2,99.3,182.2,159.6,161.5,156.5,107.7,114.6,124.4,91.9,98.6,98.6,117.9,138.3,130.6,101.5,98
2019-12-01,100.7,93.2,78.6,95.5,73.5,102.3,80.6,99,113.4,108.5,85.9,70.9,57.6,48.8,69.7,107.6,112.2,111.5,75.2,96,86.5,96.6,89.6,79,127.8,115.6,156.8,117.5,106,86.2,97.9,99.1,113.6,113.6,90.9,115.6,91.4,88.3,109.6
2020-01-01,104.6,87.7,73.5,94.9,101.3,69.8,79.8,103.9,102.4,89.9,91.5,94.5,53.7,72.8,69.6,116.3,91.4,122.9,103.3,128.5,107.5,71.5,95.8,80.6,134.9,153.9,133.7,145.5,86.9,89.1,110.4,43.5,115.7,115.7,101.5,116.3,105.2,86.6,111.5
2020-02-01,110.2,86.6,77.4,86.9,107.9,73.7,96.8,112.8,105.7,94.8,91.9,99.4,57.5,65.4,77.6,128.4,97,101.1,111.7,136.2,120.3,95.2,101.2,91.4,154.5,162.1,148.8,156.2,105.7,96.9,120.7,44.4,106,106,111.5,128.1,121.5,90.1,101.7
2020-03-01,106.5,91.3,57.7,92.2,95.2,108.3,77.4,107.8,118.8,104,104.1,82.7,48.4,53,71.3,140.2,100,96.7,114,127.3,113.7,120.2,107.5,96.2,166.2,149.2,151.8,122.4,95,73.4,117.4,58.3,106,106,113.6,114.8,101.5,90.2,102.4
2020-04-01,67.8,80,20.9,83.9,62.5,104.8,54,63.1,98.4,79.8,86.2,44.7,34.5,21.9,63,100.5,79.2,67.1,74.5,121.5,57.8,95.1,81,67.8,121.7,86,75.3,26.9,45.2,27.3,66,46.2,88.3,88.3,78.8,45.7,43.2,69.6,85.9
2020-05-01,83.1,78.7,27.2,75.5,77.4,112.9,66.6,83.5,105.6,104.1,73.1,63.1,53.6,44.9,72.4,108.9,84.5,89.2,110.6,107.3,83.9,122.5,92.4,78,120.5,103.9,85.7,70.3,66,55.1,94.9,49.3,82.8,82.8,98.2,70.9,69.4,82.4,81.2
2020-06-01,99.1,77.5,52.3,72.2,80.4,121.5,60.3,103.8,113.6,132.6,57.9,85.2,59.2,58,81.1,114.4,85.5,102.2,121.1,135.7,114.5,130,87.9,88.2,144.4,135.5,130.9,109.5,85.5,88.2,125.2,50.6,82.3,82.3,110.8,100.9,111.3,94.5,81
2020-07-01,107.1,83.4,55.8,74.2,84.8,140,69.1,112.1,122.8,140.5,75,98.9,60.7,65,87.6,118.9,87.6,91.9,126.7,97.8,121.5,141.6,92.4,100.3,156.2,160.9,126,126.9,84.6,97.4,134.7,57.9,89.4,89.4,120.8,109.7,132.1,99,86.2
2020-08-01,96.4,80.9,69.4,75.8,83.6,115.9,68.9,98.8,111.5,128.5,79.5,72.7,45.1,40.1,76.7,112.4,84,112.2,125.3,92.1,112.7,139.7,86.4,75.3,133.8,136.1,108.4,107.4,97.5,87,96.3,51.5,90.3,90.3,109.3,94.5,113.7,84.9,88.3
2020-09-01,114.7,89,67.4,81.1,104.3,144.5,69.3,121.6,123.8,119.1,85.7,101.7,51.6,57.3,84.8,123,96.9,106.1,126,123.6,122.7,140.9,97.5,105.2,163.9,169.3,160.7,166.8,89.5,103.8,130.8,54,87.6,87.6,120.3,138.1,140.1,96.4,87
2020-10-01,118.5,90.3,70.4,86.8,106.3,138.9,61.3,125.3,120,120.2,97.5,107.1,53.2,57.5,86.6,132.6,95.1,110.9,122.1,134,130.2,142.5,105.8,108.3,176,184.9,150.8,173.3,104.9,103.6,146.4,58,93.1,93.1,125,141,150.8,97.4,92.5
2020-11-01,113.4,86.3,63.1,85.9,94.6,118.8,61.9,117.2,115.7,108.2,94.9,92.7,49.4,51.6,79.5,118.9,104.8,99.3,122.4,118,123.8,128.6,102.3,90.9,162.7,177,141.3,163.5,95.6,97.1,125.9,62.8,103.6,103.6,117.3,131.7,140.6,90.6,99.5
2020-12-01,103.4,89.7,58.8,88.5,90.3,93.7,94.6,101.8,109.7,108.3,55.6,74.7,43.5,43.3,72.6,116.2,109,114.6,104.3,85.1,101.8,89.8,97.9,79.5,147.9,147.7,149.5,125.7,76.3,88.3,99.7,87.8,117.9,117.9,98.8,115.1,125,82.2,111.3
2021-01-01,103.1,75.7,60.3,87.8,91.8,46.9,60,101.8,100.3,89.2,67.7,84.5,38.6,50.4,72.2,125,74.6,102.4,104.3,106.7,100.7,68.2,100.3,79.5,148.3,168.2,144.2,143.3,79,99.5,105.6,34.7,121.9,121.9,99,115.1,135,76.4,113.6
2021-02-01,106.9,73.7,61.9,79.5,88.6,66,61.2,108.1,102,90.4,77,96.4,41,53.7,73.4,129.1,78.9,92.7,110.7,114.5,115.2,93.5,102.6,97,160.5,169,144.8,149.4,82.4,91.1,108.9,42.6,114.6,114.6,108.4,122.8,131.5,79.3,106.1
2021-03-01,121,84.6,66.1,87.8,101.4,96.4,64.6,123.7,119.7,102.7,84.8,97,52.6,56,84.9,145.8,90.9,115.4,134.3,112,126,122.9,114.7,101.3,184.7,192.9,178.3,164.9,119.6,98.3,130.2,47,121.9,121.9,126.4,138.7,146,91,114.2
2021-04-01,113.8,89,75.3,84.5,100.8,126.3,72.7,117.3,119.4,116.3,88.5,89.4,46.7,55.1,82.3,134.1,94.2,107.8,125.2,123.5,127.1,137.2,110,98.7,168.2,174.4,151.3,148.2,107.3,87.7,127.9,50.6,105.6,105.6,124.7,125.3,130.4,91.5,101.2
2021-05-01,107.2,85.4,67.9,82.9,114.2,123.6,60.9,111.1,115.9,120.2,82.3,87.6,49.1,52.2,81.1,124.4,86.1,113.6,127.8,103.6,117.7,132.5,109,103.7,154.5,171.9,143.3,128.6,90.3,85.2,115.9,47.9,95.3,95.3,120.6,113.6,125.3,89,93.4
2021-06-01,111.1,83,64.5,78.8,130.6,119.3,64.8,115.9,117.9,129.9,84.9,84.6,48.1,52.2,78.5,132.6,89,109,121.9,131.1,122.2,138.5,111.6,106.5,155.9,172.8,168.5,136.8,96.8,83.9,112.1,59.2,96.9,96.9,122.2,125,119,91.7,93.5
2021-07-01,110.3,82.6,73.9,79.2,91.8,119.6,62.6,114.2,125,138.9,89.8,82,49.2,62,79.8,136.1,89.7,84.9,115.8,100.8,134.1,140.9,110.8,104.7,175.9,168.9,135.3,127,111.9,82,131.7,53.7,101.1,101.1,125.1,115.7,115.5,95,95.7
2021-08-01,99.6,81.4,77.7,77.5,110.6,118.2,60.9,101.4,121.8,143.1,82.3,61.5,37.7,37.5,77.3,124.3,92.8,83.4,104.6,102.9,116.7,141,100.4,95.2,158.3,143.8,122.8,95.6,108.7,87.6,96.7,55.3,97.5,97.5,112.9,96.7,117,87.6,92.6
2021-09-01,110.1,83,74.1,78.4,108.5,124.1,62.4,115.2,124.5,120.9,91.8,96.1,49,59,76.3,140.7,102.6,80.7,110.5,124.3,136.8,143.6,110.2,109.5,184.9,165.7,157.4,119.6,97.1,95.4,139.5,64,93.2,93.2,124.5,116.8,132.2,95.6,89.5
2021-10-01,108.5,87.5,73.4,82.4,108.1,133.7,65.4,110.2,127.3,96.5,97.4,93.1,51.2,59.6,77.9,143.1,106.1,98.8,105.6,115.6,123.6,141.5,113.1,103.9,174.9,161.2,137.7,109.8,99.3,94.1,137.7,57.2,107.7,107.7,120.8,107.8,127.9,94.2,101.9
2021-11-01,114.5,85.2,69.2,80.6,89.4,126.7,66.6,117.4,126.2,108.9,93.9,104.9,50.4,57.7,75.9,142.9,116.5,82,107.1,104.4,126.5,136.8,107.5,107.1,161.3,176,143.4,145.5,102.3,97.9,140,62.6,110.9,110.9,121.3,126.5,133.9,95.5,103.1
2021-12-01,105.4,86.4,61.8,82.6,36,111.9,84,103,115.4,112.3,59.1,80.1,45.1,46.2,66.7,123.8,116.6,102.7,91.8,100.3,110.7,109,102.4,84.2,152.4,141.7,161,112.9,102.2,85.6,111.3,70.5,127.4,127.4,105.3,111.8,103.5,86.9,116.7
2022-01-01,103.5,76.6,62.6,82.7,113.3,63.2,66.7,102.5,106.3,83,78.5,94.8,43.8,59.2,70.7,134.8,100.4,114.8,89.5,115.8,102.3,80.9,109.6,91.2,149.9,151.7,148.2,126.9,96.7,82.8,118.9,51,120.6,120.6,101.2,112.9,115.1,83.5,112.2
2022-02-01,107.7,73.2,60,75,92.6,74.3,66.6,110.4,107.9,91.7,83.8,92.4,47.1,65.2,70.4,133.3,106.4,88.5,93.3,117.3,115.1,107.8,107.1,100.9,158.1,168.6,159.8,137.3,105.5,88.3,141.2,62.4,107.5,107.5,110.2,122.8,129.2,87.1,99.7
2022-03-01,118.7,82.1,66.9,82.7,99.3,99.5,65.5,123,123.1,114.6,88.1,97.6,52.6,74.1,76.7,150.9,126.4,82.5,93.6,125.8,132.7,133.2,112.6,113.5,177.3,197.8,179.9,141.3,131.9,99.6,151.8,74.6,110.8,110.8,125.8,132.6,147,98.5,103.5
2022-04-01,103.6,78.9,67,78.6,108.3,98.3,62.4,107.4,127.8,111.9,75.4,86.3,42.3,64.9,71.3,128.7,120.6,88.2,91,111.3,114.5,127.6,103.1,94,154.3,157.1,144.7,116.9,101.2,81.1,125.5,72.2,92.9,92.9,111.9,110.4,111.5,94.4,89.6
2022-05-01,114.3,79.8,69.5,79,104.7,105.8,59.5,120.7,131.3,137.8,94.4,90.5,47.9,74.7,74.1,147.1,112.3,125.8,107.8,125.7,130.7,139.3,101.9,113,175.8,181.6,161.4,139.8,103.6,93.6,147.5,63.2,93.4,93.4,124.1,127.1,124.7,102.2,91.9
2022-06-01,109,78.8,73.1,74.6,107.7,127.2,49.3,115,119.1,135.9,87.4,81.2,49.1,66.7,68.3,140.6,103.1,120.4,98.9,124,125,132.7,88.4,103.8,173,159.4,172.4,135.5,103.6,84.8,139.9,70.9,88.9,88.9,117.1,125.9,105,96,87.4
2022-07-01,107.1,80.2,79.1,77.1,127.4,116.8,55.9,111.4,122.2,142.6,92.9,80.2,46.7,70.9,64.6,132.9,107.3,121.7,93.6,137.1,123.4,132.6,81.2,102.7,161.4,151.7,152.9,125.3,116,75.1,128.8,75.5,94.9,94.9,112,119,104.4,98.6,92.4
2022-08-01,98.7,79,76.5,74.2,78.6,115.9,63.7,102,131.1,134.4,65.9,74.8,35.7,40.1,62,126,105.2,117.4,81.7,85.5,108.6,132.9,78,91.5,157.9,130.8,150.1,107.8,99.6,78,101.4,79.4,89.5,89.5,104.1,108.6,90.1,90.1,87.6
2022-09-01,111.2,81,72.1,75.9,69,121.1,65.4,117.9,124.4,118,87.5,93.9,47.5,73.7,63.6,136.3,119.1,121.8,82.7,121.3,123.6,133.6,85.2,103.2,188.7,157.2,197.5,145.7,107.3,86.2,144.1,68.6,87,87,115,135.3,108.2,97.5,86.3
2022-10-01,108.8,87.8,77.7,85.6,104.7,122.4,65.4,114.2,129.1,96.7,92.6,90.3,42.2,68.3,69.1,132.2,115.1,111.7,77.5,127.8,120.7,136.8,82.1,96.4,183.6,158.9,168.4,142.7,98.6,87.8,141.7,70.4,88,88,112.6,128.4,113.2,95.3,88.6
2022-11-01,110.5,87.4,72.4,84.8,107.3,127.4,61.5,115.3,125.3,121.4,86,91.7,43.3,68.2,59.1,135.1,121.9,115,84.3,129,116.7,127.4,83.1,101.6,182,147.8,173.8,147.4,99.2,95.6,145.2,76.7,93.4,93.4,109.6,133.2,114.4,97.4,92.5
2022-12-01,94.6,85.2,65.5,87.4,81.4,106.4,61.6,93.4,112.8,97.8,72.1,64.8,34.4,48.5,52,109.5,97,113.9,65.7,96.2,81.4,86.5,64.7,71.5,166.9,136,155.1,111.3,103.8,77,123.9,77.3,105.2,105.2,85.6,109.1,95.1,81.2,101.7
